tax_year,jurisdiction_type,jurisdiction,jurisdiction_code,tax_type,filing_status,bracket_order,bracket_lower,bracket_upper,rate,bracket_label,standard_deduction_raw,standard_deduction_amount,personal_exemption_raw,personal_exemption_amount,dependent_exemption_raw,dependent_exemption_amount,source,source_url,notes
2026,federal,United States,US,federal_long_term_capital_gains,head_of_household,1,0.0,66200.0,0.0,,"$24,150",24150.0,,,,,"IRS Revenue Procedure 2025-32; Tax Foundation, 2026 Tax Brackets",https://www.irs.gov/pub/irs-drop/rp-25-32.pdf,
2026,federal,United States,US,federal_long_term_capital_gains,head_of_household,2,66200.0,579600.0,0.15,,"$24,150",24150.0,,,,,"IRS Revenue Procedure 2025-32; Tax Foundation, 2026 Tax Brackets",https://www.irs.gov/pub/irs-drop/rp-25-32.pdf,
2026,federal,United States,US,federal_long_term_capital_gains,head_of_household,3,579600.0,,0.2,,"$24,150",24150.0,,,,,"IRS Revenue Procedure 2025-32; Tax Foundation, 2026 Tax Brackets",https://www.irs.gov/pub/irs-drop/rp-25-32.pdf,
2026,federal,United States,US,federal_long_term_capital_gains,married_filing_jointly,1,0.0,98900.0,0.0,,"$32,200",32200.0,,,,,"IRS Revenue Procedure 2025-32; Tax Foundation, 2026 Tax Brackets",https://www.irs.gov/pub/irs-drop/rp-25-32.pdf,
2026,federal,United States,US,federal_long_term_capital_gains,married_filing_jointly,2,98900.0,613700.0,0.15,,"$32,200",32200.0,,,,,"IRS Revenue Procedure 2025-32; Tax Foundation, 2026 Tax Brackets",https://www.irs.gov/pub/irs-drop/rp-25-32.pdf,
2026,federal,United States,US,federal_long_term_capital_gains,married_filing_jointly,3,613700.0,,0.2,,"$32,200",32200.0,,,,,"IRS Revenue Procedure 2025-32; Tax Foundation, 2026 Tax Brackets",https://www.irs.gov/pub/irs-drop/rp-25-32.pdf,
2026,federal,United States,US,federal_long_term_capital_gains,married_filing_separately,1,0.0,49450.0,0.0,,"$16,100",16100.0,,,,,"IRS Revenue Procedure 2025-32; Tax Foundation, 2026 Tax Brackets",https://www.irs.gov/pub/irs-drop/rp-25-32.pdf,
2026,federal,United States,US,federal_long_term_capital_gains,married_filing_separately,2,49450.0,306850.0,0.15,,"$16,100",16100.0,,,,,"IRS Revenue Procedure 2025-32; Tax Foundation, 2026 Tax Brackets",https://www.irs.gov/pub/irs-drop/rp-25-32.pdf,
2026,federal,United States,US,federal_long_term_capital_gains,married_filing_separately,3,306850.0,,0.2,,"$16,100",16100.0,,,,,"IRS Revenue Procedure 2025-32; Tax Foundation, 2026 Tax Brackets",https://www.irs.gov/pub/irs-drop/rp-25-32.pdf,
2026,federal,United States,US,federal_long_term_capital_gains,single,1,0.0,49450.0,0.0,,"$16,100",16100.0,,,,,"IRS Revenue Procedure 2025-32; Tax Foundation, 2026 Tax Brackets",https://www.irs.gov/pub/irs-drop/rp-25-32.pdf,
2026,federal,United States,US,federal_long_term_capital_gains,single,2,49450.0,545500.0,0.15,,"$16,100",16100.0,,,,,"IRS Revenue Procedure 2025-32; Tax Foundation, 2026 Tax Brackets",https://www.irs.gov/pub/irs-drop/rp-25-32.pdf,
2026,federal,United States,US,federal_long_term_capital_gains,single,3,545500.0,,0.2,,"$16,100",16100.0,,,,,"IRS Revenue Procedure 2025-32; Tax Foundation, 2026 Tax Brackets",https://www.irs.gov/pub/irs-drop/rp-25-32.pdf,
2026,federal,United States,US,federal_ordinary_income,head_of_household,1,0.0,17700.0,0.1,,"$24,150",24150.0,,,,,"IRS Revenue Procedure 2025-32; Tax Foundation, 2026 Tax Brackets",https://www.irs.gov/pub/irs-drop/rp-25-32.pdf,
2026,federal,United States,US,federal_ordinary_income,head_of_household,2,17700.0,67450.0,0.12,,"$24,150",24150.0,,,,,"IRS Revenue Procedure 2025-32; Tax Foundation, 2026 Tax Brackets",https://www.irs.gov/pub/irs-drop/rp-25-32.pdf,
2026,federal,United States,US,federal_ordinary_income,head_of_household,3,67450.0,105700.0,0.22,,"$24,150",24150.0,,,,,"IRS Revenue Procedure 2025-32; Tax Foundation, 2026 Tax Brackets",https://www.irs.gov/pub/irs-drop/rp-25-32.pdf,
2026,federal,United States,US,federal_ordinary_income,head_of_household,4,105700.0,201750.0,0.24,,"$24,150",24150.0,,,,,"IRS Revenue Procedure 2025-32; Tax Foundation, 2026 Tax Brackets",https://www.irs.gov/pub/irs-drop/rp-25-32.pdf,
2026,federal,United States,US,federal_ordinary_income,head_of_household,5,201750.0,256200.0,0.32,,"$24,150",24150.0,,,,,"IRS Revenue Procedure 2025-32; Tax Foundation, 2026 Tax Brackets",https://www.irs.gov/pub/irs-drop/rp-25-32.pdf,
2026,federal,United States,US,federal_ordinary_income,head_of_household,6,256200.0,640600.0,0.35,,"$24,150",24150.0,,,,,"IRS Revenue Procedure 2025-32; Tax Foundation, 2026 Tax Brackets",https://www.irs.gov/pub/irs-drop/rp-25-32.pdf,
2026,federal,United States,US,federal_ordinary_income,head_of_household,7,640600.0,,0.37,,"$24,150",24150.0,,,,,"IRS Revenue Procedure 2025-32; Tax Foundation, 2026 Tax Brackets",https://www.irs.gov/pub/irs-drop/rp-25-32.pdf,
2026,federal,United States,US,federal_ordinary_income,married_filing_jointly,1,0.0,24800.0,0.1,,"$32,200",32200.0,,,,,"IRS Revenue Procedure 2025-32; Tax Foundation, 2026 Tax Brackets",https://www.irs.gov/pub/irs-drop/rp-25-32.pdf,
2026,federal,United States,US,federal_ordinary_income,married_filing_jointly,2,24800.0,100800.0,0.12,,"$32,200",32200.0,,,,,"IRS Revenue Procedure 2025-32; Tax Foundation, 2026 Tax Brackets",https://www.irs.gov/pub/irs-drop/rp-25-32.pdf,
2026,federal,United States,US,federal_ordinary_income,married_filing_jointly,3,100800.0,211400.0,0.22,,"$32,200",32200.0,,,,,"IRS Revenue Procedure 2025-32; Tax Foundation, 2026 Tax Brackets",https://www.irs.gov/pub/irs-drop/rp-25-32.pdf,
2026,federal,United States,US,federal_ordinary_income,married_filing_jointly,4,211400.0,403550.0,0.24,,"$32,200",32200.0,,,,,"IRS Revenue Procedure 2025-32; Tax Foundation, 2026 Tax Brackets",https://www.irs.gov/pub/irs-drop/rp-25-32.pdf,
2026,federal,United States,US,federal_ordinary_income,married_filing_jointly,5,403550.0,512450.0,0.32,,"$32,200",32200.0,,,,,"IRS Revenue Procedure 2025-32; Tax Foundation, 2026 Tax Brackets",https://www.irs.gov/pub/irs-drop/rp-25-32.pdf,
2026,federal,United States,US,federal_ordinary_income,married_filing_jointly,6,512450.0,768700.0,0.35,,"$32,200",32200.0,,,,,"IRS Revenue Procedure 2025-32; Tax Foundation, 2026 Tax Brackets",https://www.irs.gov/pub/irs-drop/rp-25-32.pdf,
2026,federal,United States,US,federal_ordinary_income,married_filing_jointly,7,768700.0,,0.37,,"$32,200",32200.0,,,,,"IRS Revenue Procedure 2025-32; Tax Foundation, 2026 Tax Brackets",https://www.irs.gov/pub/irs-drop/rp-25-32.pdf,
2026,federal,United States,US,federal_ordinary_income,married_filing_separately,1,0.0,12400.0,0.1,,"$16,100",16100.0,,,,,"IRS Revenue Procedure 2025-32; Tax Foundation, 2026 Tax Brackets",https://www.irs.gov/pub/irs-drop/rp-25-32.pdf,
2026,federal,United States,US,federal_ordinary_income,married_filing_separately,2,12400.0,50400.0,0.12,,"$16,100",16100.0,,,,,"IRS Revenue Procedure 2025-32; Tax Foundation, 2026 Tax Brackets",https://www.irs.gov/pub/irs-drop/rp-25-32.pdf,
2026,federal,United States,US,federal_ordinary_income,married_filing_separately,3,50400.0,105700.0,0.22,,"$16,100",16100.0,,,,,"IRS Revenue Procedure 2025-32; Tax Foundation, 2026 Tax Brackets",https://www.irs.gov/pub/irs-drop/rp-25-32.pdf,
2026,federal,United States,US,federal_ordinary_income,married_filing_separately,4,105700.0,201775.0,0.24,,"$16,100",16100.0,,,,,"IRS Revenue Procedure 2025-32; Tax Foundation, 2026 Tax Brackets",https://www.irs.gov/pub/irs-drop/rp-25-32.pdf,
2026,federal,United States,US,federal_ordinary_income,married_filing_separately,5,201775.0,256225.0,0.32,,"$16,100",16100.0,,,,,"IRS Revenue Procedure 2025-32; Tax Foundation, 2026 Tax Brackets",https://www.irs.gov/pub/irs-drop/rp-25-32.pdf,
2026,federal,United States,US,federal_ordinary_income,married_filing_separately,6,256225.0,384350.0,0.35,,"$16,100",16100.0,,,,,"IRS Revenue Procedure 2025-32; Tax Foundation, 2026 Tax Brackets",https://www.irs.gov/pub/irs-drop/rp-25-32.pdf,
2026,federal,United States,US,federal_ordinary_income,married_filing_separately,7,384350.0,,0.37,,"$16,100",16100.0,,,,,"IRS Revenue Procedure 2025-32; Tax Foundation, 2026 Tax Brackets",https://www.irs.gov/pub/irs-drop/rp-25-32.pdf,
2026,federal,United States,US,federal_ordinary_income,single,1,0.0,12400.0,0.1,,"$16,100",16100.0,,,,,"IRS Revenue Procedure 2025-32; Tax Foundation, 2026 Tax Brackets",https://www.irs.gov/pub/irs-drop/rp-25-32.pdf,
2026,federal,United States,US,federal_ordinary_income,single,2,12400.0,50400.0,0.12,,"$16,100",16100.0,,,,,"IRS Revenue Procedure 2025-32; Tax Foundation, 2026 Tax Brackets",https://www.irs.gov/pub/irs-drop/rp-25-32.pdf,
2026,federal,United States,US,federal_ordinary_income,single,3,50400.0,105700.0,0.22,,"$16,100",16100.0,,,,,"IRS Revenue Procedure 2025-32; Tax Foundation, 2026 Tax Brackets",https://www.irs.gov/pub/irs-drop/rp-25-32.pdf,
2026,federal,United States,US,federal_ordinary_income,single,4,105700.0,201775.0,0.24,,"$16,100",16100.0,,,,,"IRS Revenue Procedure 2025-32; Tax Foundation, 2026 Tax Brackets",https://www.irs.gov/pub/irs-drop/rp-25-32.pdf,
2026,federal,United States,US,federal_ordinary_income,single,5,201775.0,256225.0,0.32,,"$16,100",16100.0,,,,,"IRS Revenue Procedure 2025-32; Tax Foundation, 2026 Tax Brackets",https://www.irs.gov/pub/irs-drop/rp-25-32.pdf,
2026,federal,United States,US,federal_ordinary_income,single,6,256225.0,640600.0,0.35,,"$16,100",16100.0,,,,,"IRS Revenue Procedure 2025-32; Tax Foundation, 2026 Tax Brackets",https://www.irs.gov/pub/irs-drop/rp-25-32.pdf,
2026,federal,United States,US,federal_ordinary_income,single,7,640600.0,,0.37,,"$16,100",16100.0,,,,,"IRS Revenue Procedure 2025-32; Tax Foundation, 2026 Tax Brackets",https://www.irs.gov/pub/irs-drop/rp-25-32.pdf,
2026,state,Alabama,AL,state_ordinary_income,married_filing_jointly,1,0.0,1000.0,0.02,,"$8,500",8500.0,"$3,000",3000.0,"$1,000",1000.0,"Tax Foundation, 2026 State Income Tax Rates and Brackets",https://taxfoundation.org/data/all/state/state-income-tax-rates-2026/,
2026,state,Alabama,AL,state_ordinary_income,married_filing_jointly,2,1000.0,6000.0,0.04,,,,,,,,"Tax Foundation, 2026 State Income Tax Rates and Brackets",https://taxfoundation.org/data/all/state/state-income-tax-rates-2026/,
2026,state,Alabama,AL,state_ordinary_income,married_filing_jointly,3,6000.0,,0.05,,,,,,,,"Tax Foundation, 2026 State Income Tax Rates and Brackets",https://taxfoundation.org/data/all/state/state-income-tax-rates-2026/,
2026,state,Alabama,AL,state_ordinary_income,single,1,0.0,500.0,0.02,,"$3,000",3000.0,"$1,500",1500.0,"$1,000",1000.0,"Tax Foundation, 2026 State Income Tax Rates and Brackets",https://taxfoundation.org/data/all/state/state-income-tax-rates-2026/,
2026,state,Alabama,AL,state_ordinary_income,single,2,500.0,3000.0,0.04,,,,,,,,"Tax Foundation, 2026 State Income Tax Rates and Brackets",https://taxfoundation.org/data/all/state/state-income-tax-rates-2026/,
2026,state,Alabama,AL,state_ordinary_income,single,3,3000.0,,0.05,,,,,,,,"Tax Foundation, 2026 State Income Tax Rates and Brackets",https://taxfoundation.org/data/all/state/state-income-tax-rates-2026/,
2026,state,Alaska,AK,state_ordinary_income,married_filing_jointly,1,0.0,,0.0,,n.a.,,n.a.,,n.a.,,"Tax Foundation, 2026 State Income Tax Rates and Brackets",https://taxfoundation.org/data/all/state/state-income-tax-rates-2026/,
2026,state,Alaska,AK,state_ordinary_income,single,1,0.0,,0.0,,n.a.,,n.a.,,n.a.,,"Tax Foundation, 2026 State Income Tax Rates and Brackets",https://taxfoundation.org/data/all/state/state-income-tax-rates-2026/,
2026,state,Arizona,AZ,state_ordinary_income,married_filing_jointly,1,0.0,,0.025,,"$16,700",16700.0,n.a.,,$100 credit,100.0,"Tax Foundation, 2026 State Income Tax Rates and Brackets",https://taxfoundation.org/data/all/state/state-income-tax-rates-2026/,
2026,state,Arizona,AZ,state_ordinary_income,single,1,0.0,,0.025,,"$8,350",8350.0,n.a.,,$100 credit,100.0,"Tax Foundation, 2026 State Income Tax Rates and Brackets",https://taxfoundation.org/data/all/state/state-income-tax-rates-2026/,
2026,state,Arkansas,AR,state_ordinary_income,married_filing_jointly,1,0.0,4600.0,0.02,,"$4,940",4940.0,$58 credit,58.0,$29 credit,29.0,"Tax Foundation, 2026 State Income Tax Rates and Brackets",https://taxfoundation.org/data/all/state/state-income-tax-rates-2026/,
2026,state,Arkansas,AR,state_ordinary_income,married_filing_jointly,2,4600.0,,0.039,,,,,,,,"Tax Foundation, 2026 State Income Tax Rates and Brackets",https://taxfoundation.org/data/all/state/state-income-tax-rates-2026/,
2026,state,Arkansas,AR,state_ordinary_income,single,1,0.0,4600.0,0.02,,"$2,470",2470.0,$29 credit,29.0,$29 credit,29.0,"Tax Foundation, 2026 State Income Tax Rates and Brackets",https://taxfoundation.org/data/all/state/state-income-tax-rates-2026/,
2026,state,Arkansas,AR,state_ordinary_income,single,2,4600.0,,0.039,,,,,,,,"Tax Foundation, 2026 State Income Tax Rates and Brackets",https://taxfoundation.org/data/all/state/state-income-tax-rates-2026/,
2026,state,California,CA,state_ordinary_income,married_filing_jointly,1,0.0,22158.0,0.01,,"$11,080",11080.0,$306 credit,306.0,$153 credit,153.0,"Tax Foundation, 2026 State Income Tax Rates and Brackets",https://taxfoundation.org/data/all/state/state-income-tax-rates-2026/,
2026,state,California,CA,state_ordinary_income,married_filing_jointly,2,22158.0,52528.0,0.02,,,,,,,,"Tax Foundation, 2026 State Income Tax Rates and Brackets",https://taxfoundation.org/data/all/state/state-income-tax-rates-2026/,
2026,state,California,CA,state_ordinary_income,married_filing_jointly,3,52528.0,82904.0,0.04,,,,,,,,"Tax Foundation, 2026 State Income Tax Rates and Brackets",https://taxfoundation.org/data/all/state/state-income-tax-rates-2026/,
2026,state,California,CA,state_ordinary_income,married_filing_jointly,4,82904.0,115084.0,0.06,,,,,,,,"Tax Foundation, 2026 State Income Tax Rates and Brackets",https://taxfoundation.org/data/all/state/state-income-tax-rates-2026/,
2026,state,California,CA,state_ordinary_income,married_filing_jointly,5,115084.0,145448.0,0.08,,,,,,,,"Tax Foundation, 2026 State Income Tax Rates and Brackets",https://taxfoundation.org/data/all/state/state-income-tax-rates-2026/,
2026,state,California,CA,state_ordinary_income,married_filing_jointly,6,145448.0,742958.0,0.09300000000000001,,,,,,,,"Tax Foundation, 2026 State Income Tax Rates and Brackets",https://taxfoundation.org/data/all/state/state-income-tax-rates-2026/,
2026,state,California,CA,state_ordinary_income,married_filing_jointly,7,742958.0,891542.0,0.10300000000000001,,,,,,,,"Tax Foundation, 2026 State Income Tax Rates and Brackets",https://taxfoundation.org/data/all/state/state-income-tax-rates-2026/,
2026,state,California,CA,state_ordinary_income,married_filing_jointly,8,891542.0,1000000.0,0.113,,,,,,,,"Tax Foundation, 2026 State Income Tax Rates and Brackets",https://taxfoundation.org/data/all/state/state-income-tax-rates-2026/,
2026,state,California,CA,state_ordinary_income,married_filing_jointly,9,1000000.0,1485906.0,0.12300000000000001,,,,,,,,"Tax Foundation, 2026 State Income Tax Rates and Brackets",https://taxfoundation.org/data/all/state/state-income-tax-rates-2026/,
2026,state,California,CA,state_ordinary_income,married_filing_jointly,10,1485906.0,,0.133,,,,,,,,"Tax Foundation, 2026 State Income Tax Rates and Brackets",https://taxfoundation.org/data/all/state/state-income-tax-rates-2026/,
2026,state,California,CA,state_ordinary_income,single,1,0.0,11079.0,0.01,,"$5,540",5540.0,$153 credit,153.0,$153 credit,153.0,"Tax Foundation, 2026 State Income Tax Rates and Brackets",https://taxfoundation.org/data/all/state/state-income-tax-rates-2026/,
2026,state,California,CA,state_ordinary_income,single,2,11079.0,26264.0,0.02,,,,,,,,"Tax Foundation, 2026 State Income Tax Rates and Brackets",https://taxfoundation.org/data/all/state/state-income-tax-rates-2026/,
2026,state,California,CA,state_ordinary_income,single,3,26264.0,41452.0,0.04,,,,,,,,"Tax Foundation, 2026 State Income Tax Rates and Brackets",https://taxfoundation.org/data/all/state/state-income-tax-rates-2026/,
2026,state,California,CA,state_ordinary_income,single,4,41452.0,57542.0,0.06,,,,,,,,"Tax Foundation, 2026 State Income Tax Rates and Brackets",https://taxfoundation.org/data/all/state/state-income-tax-rates-2026/,
2026,state,California,CA,state_ordinary_income,single,5,57542.0,72724.0,0.08,,,,,,,,"Tax Foundation, 2026 State Income Tax Rates and Brackets",https://taxfoundation.org/data/all/state/state-income-tax-rates-2026/,
2026,state,California,CA,state_ordinary_income,single,6,72724.0,371479.0,0.09300000000000001,,,,,,,,"Tax Foundation, 2026 State Income Tax Rates and Brackets",https://taxfoundation.org/data/all/state/state-income-tax-rates-2026/,
2026,state,California,CA,state_ordinary_income,single,7,371479.0,445771.0,0.10300000000000001,,,,,,,,"Tax Foundation, 2026 State Income Tax Rates and Brackets",https://taxfoundation.org/data/all/state/state-income-tax-rates-2026/,
2026,state,California,CA,state_ordinary_income,single,8,445771.0,742953.0,0.113,,,,,,,,"Tax Foundation, 2026 State Income Tax Rates and Brackets",https://taxfoundation.org/data/all/state/state-income-tax-rates-2026/,
2026,state,California,CA,state_ordinary_income,single,9,742953.0,1000000.0,0.12300000000000001,,,,,,,,"Tax Foundation, 2026 State Income Tax Rates and Brackets",https://taxfoundation.org/data/all/state/state-income-tax-rates-2026/,
2026,state,California,CA,state_ordinary_income,single,10,1000000.0,,0.133,,,,,,,,"Tax Foundation, 2026 State Income Tax Rates and Brackets",https://taxfoundation.org/data/all/state/state-income-tax-rates-2026/,
2026,state,Colorado,CO,state_ordinary_income,married_filing_jointly,1,0.0,,0.044000000000000004,,"$32,200",32200.0,n.a.,,n.a.,,"Tax Foundation, 2026 State Income Tax Rates and Brackets",https://taxfoundation.org/data/all/state/state-income-tax-rates-2026/,
2026,state,Colorado,CO,state_ordinary_income,single,1,0.0,,0.044000000000000004,,"$16,100",16100.0,n.a.,,n.a.,,"Tax Foundation, 2026 State Income Tax Rates and Brackets",https://taxfoundation.org/data/all/state/state-income-tax-rates-2026/,
2026,state,Connecticut,CT,state_ordinary_income,married_filing_jointly,1,0.0,20000.0,0.02,,n.a.,,"$24,000",24000.0,$0,0.0,"Tax Foundation, 2026 State Income Tax Rates and Brackets",https://taxfoundation.org/data/all/state/state-income-tax-rates-2026/,
2026,state,Connecticut,CT,state_ordinary_income,married_filing_jointly,2,20000.0,100000.0,0.045,,,,,,,,"Tax Foundation, 2026 State Income Tax Rates and Brackets",https://taxfoundation.org/data/all/state/state-income-tax-rates-2026/,
2026,state,Connecticut,CT,state_ordinary_income,married_filing_jointly,3,100000.0,200000.0,0.055,,,,,,,,"Tax Foundation, 2026 State Income Tax Rates and Brackets",https://taxfoundation.org/data/all/state/state-income-tax-rates-2026/,
2026,state,Connecticut,CT,state_ordinary_income,married_filing_jointly,4,200000.0,400000.0,0.06,,,,,,,,"Tax Foundation, 2026 State Income Tax Rates and Brackets",https://taxfoundation.org/data/all/state/state-income-tax-rates-2026/,
2026,state,Connecticut,CT,state_ordinary_income,married_filing_jointly,5,400000.0,500000.0,0.065,,,,,,,,"Tax Foundation, 2026 State Income Tax Rates and Brackets",https://taxfoundation.org/data/all/state/state-income-tax-rates-2026/,
2026,state,Connecticut,CT,state_ordinary_income,married_filing_jointly,6,500000.0,1000000.0,0.069,,,,,,,,"Tax Foundation, 2026 State Income Tax Rates and Brackets",https://taxfoundation.org/data/all/state/state-income-tax-rates-2026/,
2026,state,Connecticut,CT,state_ordinary_income,married_filing_jointly,7,1000000.0,,0.0699,,,,,,,,"Tax Foundation, 2026 State Income Tax Rates and Brackets",https://taxfoundation.org/data/all/state/state-income-tax-rates-2026/,
2026,state,Connecticut,CT,state_ordinary_income,single,1,0.0,10000.0,0.02,,n.a.,,"$15,000",15000.0,$0,0.0,"Tax Foundation, 2026 State Income Tax Rates and Brackets",https://taxfoundation.org/data/all/state/state-income-tax-rates-2026/,
2026,state,Connecticut,CT,state_ordinary_income,single,2,10000.0,50000.0,0.045,,,,,,,,"Tax Foundation, 2026 State Income Tax Rates and Brackets",https://taxfoundation.org/data/all/state/state-income-tax-rates-2026/,
2026,state,Connecticut,CT,state_ordinary_income,single,3,50000.0,100000.0,0.055,,,,,,,,"Tax Foundation, 2026 State Income Tax Rates and Brackets",https://taxfoundation.org/data/all/state/state-income-tax-rates-2026/,
2026,state,Connecticut,CT,state_ordinary_income,single,4,100000.0,200000.0,0.06,,,,,,,,"Tax Foundation, 2026 State Income Tax Rates and Brackets",https://taxfoundation.org/data/all/state/state-income-tax-rates-2026/,
2026,state,Connecticut,CT,state_ordinary_income,single,5,200000.0,250000.0,0.065,,,,,,,,"Tax Foundation, 2026 State Income Tax Rates and Brackets",https://taxfoundation.org/data/all/state/state-income-tax-rates-2026/,
2026,state,Connecticut,CT,state_ordinary_income,single,6,250000.0,500000.0,0.069,,,,,,,,"Tax Foundation, 2026 State Income Tax Rates and Brackets",https://taxfoundation.org/data/all/state/state-income-tax-rates-2026/,
2026,state,Connecticut,CT,state_ordinary_income,single,7,500000.0,,0.0699,,,,,,,,"Tax Foundation, 2026 State Income Tax Rates and Brackets",https://taxfoundation.org/data/all/state/state-income-tax-rates-2026/,
2026,state,Delaware,DE,state_ordinary_income,married_filing_jointly,1,0.0,2000.0,0.0,implicit_zero_tax_band,"$6,500",6500.0,$220 credit,220.0,$110 credit,110.0,"Tax Foundation, 2026 State Income Tax Rates and Brackets",https://taxfoundation.org/data/all/state/state-income-tax-rates-2026/,
2026,state,Delaware,DE,state_ordinary_income,married_filing_jointly,2,2000.0,5000.0,0.022000000000000002,,"$6,500",6500.0,$220 credit,220.0,$110 credit,110.0,"Tax Foundation, 2026 State Income Tax Rates and Brackets",https://taxfoundation.org/data/all/state/state-income-tax-rates-2026/,
2026,state,Delaware,DE,state_ordinary_income,married_filing_jointly,3,5000.0,10000.0,0.039,,,,,,,,"Tax Foundation, 2026 State Income Tax Rates and Brackets",https://taxfoundation.org/data/all/state/state-income-tax-rates-2026/,
2026,state,Delaware,DE,state_ordinary_income,married_filing_jointly,4,10000.0,20000.0,0.048,,,,,,,,"Tax Foundation, 2026 State Income Tax Rates and Brackets",https://taxfoundation.org/data/all/state/state-income-tax-rates-2026/,
2026,state,Delaware,DE,state_ordinary_income,married_filing_jointly,5,20000.0,25000.0,0.052000000000000005,,,,,,,,"Tax Foundation, 2026 State Income Tax Rates and Brackets",https://taxfoundation.org/data/all/state/state-income-tax-rates-2026/,
2026,state,Delaware,DE,state_ordinary_income,married_filing_jointly,6,25000.0,60000.0,0.0555,,,,,,,,"Tax Foundation, 2026 State Income Tax Rates and Brackets",https://taxfoundation.org/data/all/state/state-income-tax-rates-2026/,
2026,state,Delaware,DE,state_ordinary_income,married_filing_jointly,7,60000.0,,0.066,,,,,,,,"Tax Foundation, 2026 State Income Tax Rates and Brackets",https://taxfoundation.org/data/all/state/state-income-tax-rates-2026/,
2026,state,Delaware,DE,state_ordinary_income,single,1,0.0,2000.0,0.0,implicit_zero_tax_band,"$3,250",3250.0,$110 credit,110.0,$110 credit,110.0,"Tax Foundation, 2026 State Income Tax Rates and Brackets",https://taxfoundation.org/data/all/state/state-income-tax-rates-2026/,
2026,state,Delaware,DE,state_ordinary_income,single,2,2000.0,5000.0,0.022000000000000002,,"$3,250",3250.0,$110 credit,110.0,$110 credit,110.0,"Tax Foundation, 2026 State Income Tax Rates and Brackets",https://taxfoundation.org/data/all/state/state-income-tax-rates-2026/,
2026,state,Delaware,DE,state_ordinary_income,single,3,5000.0,10000.0,0.039,,,,,,,,"Tax Foundation, 2026 State Income Tax Rates and Brackets",https://taxfoundation.org/data/all/state/state-income-tax-rates-2026/,
2026,state,Delaware,DE,state_ordinary_income,single,4,10000.0,20000.0,0.048,,,,,,,,"Tax Foundation, 2026 State Income Tax Rates and Brackets",https://taxfoundation.org/data/all/state/state-income-tax-rates-2026/,
2026,state,Delaware,DE,state_ordinary_income,single,5,20000.0,25000.0,0.052000000000000005,,,,,,,,"Tax Foundation, 2026 State Income Tax Rates and Brackets",https://taxfoundation.org/data/all/state/state-income-tax-rates-2026/,
2026,state,Delaware,DE,state_ordinary_income,single,6,25000.0,60000.0,0.0555,,,,,,,,"Tax Foundation, 2026 State Income Tax Rates and Brackets",https://taxfoundation.org/data/all/state/state-income-tax-rates-2026/,
2026,state,Delaware,DE,state_ordinary_income,single,7,60000.0,,0.066,,,,,,,,"Tax Foundation, 2026 State Income Tax Rates and Brackets",https://taxfoundation.org/data/all/state/state-income-tax-rates-2026/,
2026,state,Florida,FL,state_ordinary_income,married_filing_jointly,1,0.0,,0.0,,n.a.,,n.a.,,n.a.,,"Tax Foundation, 2026 State Income Tax Rates and Brackets",https://taxfoundation.org/data/all/state/state-income-tax-rates-2026/,
2026,state,Florida,FL,state_ordinary_income,single,1,0.0,,0.0,,n.a.,,n.a.,,n.a.,,"Tax Foundation, 2026 State Income Tax Rates and Brackets",https://taxfoundation.org/data/all/state/state-income-tax-rates-2026/,
2026,state,Georgia,GA,state_ordinary_income,married_filing_jointly,1,0.0,,0.0519,,"$24,000",24000.0,n.a.,,"$4,000",4000.0,"Tax Foundation, 2026 State Income Tax Rates and Brackets",https://taxfoundation.org/data/all/state/state-income-tax-rates-2026/,
2026,state,Georgia,GA,state_ordinary_income,single,1,0.0,,0.0519,,"$12,000",12000.0,n.a.,,"$4,000",4000.0,"Tax Foundation, 2026 State Income Tax Rates and Brackets",https://taxfoundation.org/data/all/state/state-income-tax-rates-2026/,
2026,state,Hawaii,HI,state_ordinary_income,married_filing_jointly,1,0.0,19200.0,0.013999999999999999,,"$8,800",8800.0,"$2,288",2288.0,"$1,144",1144.0,"Tax Foundation, 2026 State Income Tax Rates and Brackets",https://taxfoundation.org/data/all/state/state-income-tax-rates-2026/,
2026,state,Hawaii,HI,state_ordinary_income,married_filing_jointly,2,19200.0,28800.0,0.032,,,,,,,,"Tax Foundation, 2026 State Income Tax Rates and Brackets",https://taxfoundation.org/data/all/state/state-income-tax-rates-2026/,
2026,state,Hawaii,HI,state_ordinary_income,married_filing_jointly,3,28800.0,38400.0,0.055,,,,,,,,"Tax Foundation, 2026 State Income Tax Rates and Brackets",https://taxfoundation.org/data/all/state/state-income-tax-rates-2026/,
2026,state,Hawaii,HI,state_ordinary_income,married_filing_jointly,4,38400.0,48000.0,0.064,,,,,,,,"Tax Foundation, 2026 State Income Tax Rates and Brackets",https://taxfoundation.org/data/all/state/state-income-tax-rates-2026/,
2026,state,Hawaii,HI,state_ordinary_income,married_filing_jointly,5,48000.0,72000.0,0.068,,,,,,,,"Tax Foundation, 2026 State Income Tax Rates and Brackets",https://taxfoundation.org/data/all/state/state-income-tax-rates-2026/,
2026,state,Hawaii,HI,state_ordinary_income,married_filing_jointly,6,72000.0,96000.0,0.07200000000000001,,,,,,,,"Tax Foundation, 2026 State Income Tax Rates and Brackets",https://taxfoundation.org/data/all/state/state-income-tax-rates-2026/,
2026,state,Hawaii,HI,state_ordinary_income,married_filing_jointly,7,96000.0,250000.0,0.076,,,,,,,,"Tax Foundation, 2026 State Income Tax Rates and Brackets",https://taxfoundation.org/data/all/state/state-income-tax-rates-2026/,
2026,state,Hawaii,HI,state_ordinary_income,married_filing_jointly,8,250000.0,350000.0,0.079,,,,,,,,"Tax Foundation, 2026 State Income Tax Rates and Brackets",https://taxfoundation.org/data/all/state/state-income-tax-rates-2026/,
2026,state,Hawaii,HI,state_ordinary_income,married_filing_jointly,9,350000.0,450000.0,0.0825,,,,,,,,"Tax Foundation, 2026 State Income Tax Rates and Brackets",https://taxfoundation.org/data/all/state/state-income-tax-rates-2026/,
2026,state,Hawaii,HI,state_ordinary_income,married_filing_jointly,10,450000.0,550000.0,0.09,,,,,,,,"Tax Foundation, 2026 State Income Tax Rates and Brackets",https://taxfoundation.org/data/all/state/state-income-tax-rates-2026/,
2026,state,Hawaii,HI,state_ordinary_income,married_filing_jointly,11,550000.0,650000.0,0.1,,,,,,,,"Tax Foundation, 2026 State Income Tax Rates and Brackets",https://taxfoundation.org/data/all/state/state-income-tax-rates-2026/,
2026,state,Hawaii,HI,state_ordinary_income,married_filing_jointly,12,650000.0,,0.11,,,,,,,,"Tax Foundation, 2026 State Income Tax Rates and Brackets",https://taxfoundation.org/data/all/state/state-income-tax-rates-2026/,
2026,state,Hawaii,HI,state_ordinary_income,single,1,0.0,9600.0,0.013999999999999999,,"$4,400",4400.0,"$1,144",1144.0,"$1,144",1144.0,"Tax Foundation, 2026 State Income Tax Rates and Brackets",https://taxfoundation.org/data/all/state/state-income-tax-rates-2026/,
2026,state,Hawaii,HI,state_ordinary_income,single,2,9600.0,14400.0,0.032,,,,,,,,"Tax Foundation, 2026 State Income Tax Rates and Brackets",https://taxfoundation.org/data/all/state/state-income-tax-rates-2026/,
2026,state,Hawaii,HI,state_ordinary_income,single,3,14400.0,19200.0,0.055,,,,,,,,"Tax Foundation, 2026 State Income Tax Rates and Brackets",https://taxfoundation.org/data/all/state/state-income-tax-rates-2026/,
2026,state,Hawaii,HI,state_ordinary_income,single,4,19200.0,24000.0,0.064,,,,,,,,"Tax Foundation, 2026 State Income Tax Rates and Brackets",https://taxfoundation.org/data/all/state/state-income-tax-rates-2026/,
2026,state,Hawaii,HI,state_ordinary_income,single,5,24000.0,36000.0,0.068,,,,,,,,"Tax Foundation, 2026 State Income Tax Rates and Brackets",https://taxfoundation.org/data/all/state/state-income-tax-rates-2026/,
2026,state,Hawaii,HI,state_ordinary_income,single,6,36000.0,48000.0,0.07200000000000001,,,,,,,,"Tax Foundation, 2026 State Income Tax Rates and Brackets",https://taxfoundation.org/data/all/state/state-income-tax-rates-2026/,
2026,state,Hawaii,HI,state_ordinary_income,single,7,48000.0,125000.0,0.076,,,,,,,,"Tax Foundation, 2026 State Income Tax Rates and Brackets",https://taxfoundation.org/data/all/state/state-income-tax-rates-2026/,
2026,state,Hawaii,HI,state_ordinary_income,single,8,125000.0,175000.0,0.079,,,,,,,,"Tax Foundation, 2026 State Income Tax Rates and Brackets",https://taxfoundation.org/data/all/state/state-income-tax-rates-2026/,
2026,state,Hawaii,HI,state_ordinary_income,single,9,175000.0,225000.0,0.0825,,,,,,,,"Tax Foundation, 2026 State Income Tax Rates and Brackets",https://taxfoundation.org/data/all/state/state-income-tax-rates-2026/,
2026,state,Hawaii,HI,state_ordinary_income,single,10,225000.0,275000.0,0.09,,,,,,,,"Tax Foundation, 2026 State Income Tax Rates and Brackets",https://taxfoundation.org/data/all/state/state-income-tax-rates-2026/,
2026,state,Hawaii,HI,state_ordinary_income,single,11,275000.0,325000.0,0.1,,,,,,,,"Tax Foundation, 2026 State Income Tax Rates and Brackets",https://taxfoundation.org/data/all/state/state-income-tax-rates-2026/,
2026,state,Hawaii,HI,state_ordinary_income,single,12,325000.0,,0.11,,,,,,,,"Tax Foundation, 2026 State Income Tax Rates and Brackets",https://taxfoundation.org/data/all/state/state-income-tax-rates-2026/,
2026,state,Idaho,ID,state_ordinary_income,married_filing_jointly,1,0.0,9622.0,0.0,implicit_zero_tax_band,"$32,200",32200.0,n.a.,,n.a.,,"Tax Foundation, 2026 State Income Tax Rates and Brackets",https://taxfoundation.org/data/all/state/state-income-tax-rates-2026/,
2026,state,Idaho,ID,state_ordinary_income,married_filing_jointly,2,9622.0,,0.053,,"$32,200",32200.0,n.a.,,n.a.,,"Tax Foundation, 2026 State Income Tax Rates and Brackets",https://taxfoundation.org/data/all/state/state-income-tax-rates-2026/,
2026,state,Idaho,ID,state_ordinary_income,single,1,0.0,4811.0,0.0,implicit_zero_tax_band,"$16,100",16100.0,n.a.,,n.a.,,"Tax Foundation, 2026 State Income Tax Rates and Brackets",https://taxfoundation.org/data/all/state/state-income-tax-rates-2026/,
2026,state,Idaho,ID,state_ordinary_income,single,2,4811.0,,0.053,,"$16,100",16100.0,n.a.,,n.a.,,"Tax Foundation, 2026 State Income Tax Rates and Brackets",https://taxfoundation.org/data/all/state/state-income-tax-rates-2026/,
2026,state,Illinois,IL,state_ordinary_income,married_filing_jointly,1,0.0,,0.0495,,n.a.,,"$5,850",5850.0,"$2,925",2925.0,"Tax Foundation, 2026 State Income Tax Rates and Brackets",https://taxfoundation.org/data/all/state/state-income-tax-rates-2026/,
2026,state,Illinois,IL,state_ordinary_income,single,1,0.0,,0.0495,,n.a.,,"$2,925",2925.0,"$2,925",2925.0,"Tax Foundation, 2026 State Income Tax Rates and Brackets",https://taxfoundation.org/data/all/state/state-income-tax-rates-2026/,
2026,state,Indiana,IN,state_ordinary_income,married_filing_jointly,1,0.0,,0.029500000000000002,,n.a.,,"$2,000",2000.0,"$1,000",1000.0,"Tax Foundation, 2026 State Income Tax Rates and Brackets",https://taxfoundation.org/data/all/state/state-income-tax-rates-2026/,
2026,state,Indiana,IN,state_ordinary_income,single,1,0.0,,0.029500000000000002,,n.a.,,"$1,000",1000.0,"$1,000",1000.0,"Tax Foundation, 2026 State Income Tax Rates and Brackets",https://taxfoundation.org/data/all/state/state-income-tax-rates-2026/,
2026,state,Iowa,IA,state_ordinary_income,married_filing_jointly,1,0.0,,0.038,,"$32,200",32200.0,$80 credit,80.0,$40 credit,40.0,"Tax Foundation, 2026 State Income Tax Rates and Brackets",https://taxfoundation.org/data/all/state/state-income-tax-rates-2026/,
2026,state,Iowa,IA,state_ordinary_income,single,1,0.0,,0.038,,"$16,100",16100.0,$40 credit,40.0,$40 credit,40.0,"Tax Foundation, 2026 State Income Tax Rates and Brackets",https://taxfoundation.org/data/all/state/state-income-tax-rates-2026/,
2026,state,Kansas,KS,state_ordinary_income,married_filing_jointly,1,0.0,46000.0,0.052000000000000005,,"$8,240",8240.0,"$18,320",18320.0,"$2,320",2320.0,"Tax Foundation, 2026 State Income Tax Rates and Brackets",https://taxfoundation.org/data/all/state/state-income-tax-rates-2026/,
2026,state,Kansas,KS,state_ordinary_income,married_filing_jointly,2,46000.0,,0.0558,,,,,,,,"Tax Foundation, 2026 State Income Tax Rates and Brackets",https://taxfoundation.org/data/all/state/state-income-tax-rates-2026/,
2026,state,Kansas,KS,state_ordinary_income,single,1,0.0,23000.0,0.052000000000000005,,"$3,605",3605.0,"$9,160",9160.0,"$2,320",2320.0,"Tax Foundation, 2026 State Income Tax Rates and Brackets",https://taxfoundation.org/data/all/state/state-income-tax-rates-2026/,
2026,state,Kansas,KS,state_ordinary_income,single,2,23000.0,,0.0558,,,,,,,,"Tax Foundation, 2026 State Income Tax Rates and Brackets",https://taxfoundation.org/data/all/state/state-income-tax-rates-2026/,
2026,state,Kentucky,KY,state_ordinary_income,married_filing_jointly,1,0.0,,0.035,,"$3,360",3360.0,n.a.,,n.a.,,"Tax Foundation, 2026 State Income Tax Rates and Brackets",https://taxfoundation.org/data/all/state/state-income-tax-rates-2026/,
2026,state,Kentucky,KY,state_ordinary_income,single,1,0.0,,0.035,,"$3,360",3360.0,n.a.,,n.a.,,"Tax Foundation, 2026 State Income Tax Rates and Brackets",https://taxfoundation.org/data/all/state/state-income-tax-rates-2026/,
2026,state,Louisiana,LA,state_ordinary_income,married_filing_jointly,1,0.0,,0.03,,"$25,750",25750.0,n.a.,,n.a.,,"Tax Foundation, 2026 State Income Tax Rates and Brackets",https://taxfoundation.org/data/all/state/state-income-tax-rates-2026/,
2026,state,Louisiana,LA,state_ordinary_income,single,1,0.0,,0.03,,"$12,875",12875.0,n.a.,,n.a.,,"Tax Foundation, 2026 State Income Tax Rates and Brackets",https://taxfoundation.org/data/all/state/state-income-tax-rates-2026/,
2026,state,Maine,ME,state_ordinary_income,married_filing_jointly,1,0.0,54849.0,0.057999999999999996,,"$16,700",16700.0,"$10,600",10600.0,$305 credit,305.0,"Tax Foundation, 2026 State Income Tax Rates and Brackets",https://taxfoundation.org/data/all/state/state-income-tax-rates-2026/,
2026,state,Maine,ME,state_ordinary_income,married_filing_jointly,2,54849.0,129749.0,0.0675,,,,,,,,"Tax Foundation, 2026 State Income Tax Rates and Brackets",https://taxfoundation.org/data/all/state/state-income-tax-rates-2026/,
2026,state,Maine,ME,state_ordinary_income,married_filing_jointly,3,129749.0,,0.07150000000000001,,,,,,,,"Tax Foundation, 2026 State Income Tax Rates and Brackets",https://taxfoundation.org/data/all/state/state-income-tax-rates-2026/,
2026,state,Maine,ME,state_ordinary_income,single,1,0.0,27399.0,0.057999999999999996,,"$8,350",8350.0,"$5,300",5300.0,$305 credit,305.0,"Tax Foundation, 2026 State Income Tax Rates and Brackets",https://taxfoundation.org/data/all/state/state-income-tax-rates-2026/,
2026,state,Maine,ME,state_ordinary_income,single,2,27399.0,64849.0,0.0675,,,,,,,,"Tax Foundation, 2026 State Income Tax Rates and Brackets",https://taxfoundation.org/data/all/state/state-income-tax-rates-2026/,
2026,state,Maine,ME,state_ordinary_income,single,3,64849.0,,0.07150000000000001,,,,,,,,"Tax Foundation, 2026 State Income Tax Rates and Brackets",https://taxfoundation.org/data/all/state/state-income-tax-rates-2026/,
2026,state,Maryland,MD,state_ordinary_income,married_filing_jointly,1,0.0,1000.0,0.02,,"$6,700",6700.0,"$6,400",6400.0,"$3,200",3200.0,"Tax Foundation, 2026 State Income Tax Rates and Brackets",https://taxfoundation.org/data/all/state/state-income-tax-rates-2026/,
2026,state,Maryland,MD,state_ordinary_income,married_filing_jointly,2,1000.0,2000.0,0.03,,,,,,,,"Tax Foundation, 2026 State Income Tax Rates and Brackets",https://taxfoundation.org/data/all/state/state-income-tax-rates-2026/,
2026,state,Maryland,MD,state_ordinary_income,married_filing_jointly,3,2000.0,3000.0,0.04,,,,,,,,"Tax Foundation, 2026 State Income Tax Rates and Brackets",https://taxfoundation.org/data/all/state/state-income-tax-rates-2026/,
2026,state,Maryland,MD,state_ordinary_income,married_filing_jointly,4,3000.0,150000.0,0.0475,,,,,,,,"Tax Foundation, 2026 State Income Tax Rates and Brackets",https://taxfoundation.org/data/all/state/state-income-tax-rates-2026/,
2026,state,Maryland,MD,state_ordinary_income,married_filing_jointly,5,150000.0,175000.0,0.05,,,,,,,,"Tax Foundation, 2026 State Income Tax Rates and Brackets",https://taxfoundation.org/data/all/state/state-income-tax-rates-2026/,
2026,state,Maryland,MD,state_ordinary_income,married_filing_jointly,6,175000.0,225000.0,0.0525,,,,,,,,"Tax Foundation, 2026 State Income Tax Rates and Brackets",https://taxfoundation.org/data/all/state/state-income-tax-rates-2026/,
2026,state,Maryland,MD,state_ordinary_income,married_filing_jointly,7,225000.0,300000.0,0.055,,,,,,,,"Tax Foundation, 2026 State Income Tax Rates and Brackets",https://taxfoundation.org/data/all/state/state-income-tax-rates-2026/,
2026,state,Maryland,MD,state_ordinary_income,married_filing_jointly,8,300000.0,600000.0,0.0575,,,,,,,,"Tax Foundation, 2026 State Income Tax Rates and Brackets",https://taxfoundation.org/data/all/state/state-income-tax-rates-2026/,
2026,state,Maryland,MD,state_ordinary_income,married_filing_jointly,9,600000.0,1200000.0,0.0625,,,,,,,,"Tax Foundation, 2026 State Income Tax Rates and Brackets",https://taxfoundation.org/data/all/state/state-income-tax-rates-2026/,
2026,state,Maryland,MD,state_ordinary_income,married_filing_jointly,10,1200000.0,,0.065,,,,,,,,"Tax Foundation, 2026 State Income Tax Rates and Brackets",https://taxfoundation.org/data/all/state/state-income-tax-rates-2026/,
2026,state,Maryland,MD,state_ordinary_income,single,1,0.0,1000.0,0.02,,"$3,350",3350.0,"$3,200",3200.0,"$3,200",3200.0,"Tax Foundation, 2026 State Income Tax Rates and Brackets",https://taxfoundation.org/data/all/state/state-income-tax-rates-2026/,
2026,state,Maryland,MD,state_ordinary_income,single,2,1000.0,2000.0,0.03,,,,,,,,"Tax Foundation, 2026 State Income Tax Rates and Brackets",https://taxfoundation.org/data/all/state/state-income-tax-rates-2026/,
2026,state,Maryland,MD,state_ordinary_income,single,3,2000.0,3000.0,0.04,,,,,,,,"Tax Foundation, 2026 State Income Tax Rates and Brackets",https://taxfoundation.org/data/all/state/state-income-tax-rates-2026/,
2026,state,Maryland,MD,state_ordinary_income,single,4,3000.0,100000.0,0.0475,,,,,,,,"Tax Foundation, 2026 State Income Tax Rates and Brackets",https://taxfoundation.org/data/all/state/state-income-tax-rates-2026/,
2026,state,Maryland,MD,state_ordinary_income,single,5,100000.0,125000.0,0.05,,,,,,,,"Tax Foundation, 2026 State Income Tax Rates and Brackets",https://taxfoundation.org/data/all/state/state-income-tax-rates-2026/,
2026,state,Maryland,MD,state_ordinary_income,single,6,125000.0,150000.0,0.0525,,,,,,,,"Tax Foundation, 2026 State Income Tax Rates and Brackets",https://taxfoundation.org/data/all/state/state-income-tax-rates-2026/,
2026,state,Maryland,MD,state_ordinary_income,single,7,150000.0,250000.0,0.055,,,,,,,,"Tax Foundation, 2026 State Income Tax Rates and Brackets",https://taxfoundation.org/data/all/state/state-income-tax-rates-2026/,
2026,state,Maryland,MD,state_ordinary_income,single,8,250000.0,500000.0,0.0575,,,,,,,,"Tax Foundation, 2026 State Income Tax Rates and Brackets",https://taxfoundation.org/data/all/state/state-income-tax-rates-2026/,
2026,state,Maryland,MD,state_ordinary_income,single,9,500000.0,1000000.0,0.0625,,,,,,,,"Tax Foundation, 2026 State Income Tax Rates and Brackets",https://taxfoundation.org/data/all/state/state-income-tax-rates-2026/,
2026,state,Maryland,MD,state_ordinary_income,single,10,1000000.0,,0.065,,,,,,,,"Tax Foundation, 2026 State Income Tax Rates and Brackets",https://taxfoundation.org/data/all/state/state-income-tax-rates-2026/,
2026,state,Massachusetts,MA,state_ordinary_income,married_filing_jointly,1,0.0,1083150.0,0.05,,n.a.,,"$8,800",8800.0,"$1,000",1000.0,"Tax Foundation, 2026 State Income Tax Rates and Brackets",https://taxfoundation.org/data/all/state/state-income-tax-rates-2026/,
2026,state,Massachusetts,MA,state_ordinary_income,married_filing_jointly,2,1083150.0,,0.09,,,,,,,,"Tax Foundation, 2026 State Income Tax Rates and Brackets",https://taxfoundation.org/data/all/state/state-income-tax-rates-2026/,
2026,state,Massachusetts,MA,state_ordinary_income,single,1,0.0,1083150.0,0.05,,n.a.,,"$4,400",4400.0,"$1,000",1000.0,"Tax Foundation, 2026 State Income Tax Rates and Brackets",https://taxfoundation.org/data/all/state/state-income-tax-rates-2026/,
2026,state,Massachusetts,MA,state_ordinary_income,single,2,1083150.0,,0.09,,,,,,,,"Tax Foundation, 2026 State Income Tax Rates and Brackets",https://taxfoundation.org/data/all/state/state-income-tax-rates-2026/,
2026,state,Michigan,MI,state_ordinary_income,married_filing_jointly,1,0.0,,0.0425,,n.a.,,"$11,800",11800.0,"$5,900",5900.0,"Tax Foundation, 2026 State Income Tax Rates and Brackets",https://taxfoundation.org/data/all/state/state-income-tax-rates-2026/,
2026,state,Michigan,MI,state_ordinary_income,single,1,0.0,,0.0425,,n.a.,,"$5,900",5900.0,"$5,900",5900.0,"Tax Foundation, 2026 State Income Tax Rates and Brackets",https://taxfoundation.org/data/all/state/state-income-tax-rates-2026/,
2026,state,Minnesota,MN,state_ordinary_income,married_filing_jointly,1,0.0,48700.0,0.0535,,"$30,600",30600.0,n.a.,,"$5,300",5300.0,"Tax Foundation, 2026 State Income Tax Rates and Brackets",https://taxfoundation.org/data/all/state/state-income-tax-rates-2026/,
2026,state,Minnesota,MN,state_ordinary_income,married_filing_jointly,2,48700.0,193480.0,0.068,,,,,,,,"Tax Foundation, 2026 State Income Tax Rates and Brackets",https://taxfoundation.org/data/all/state/state-income-tax-rates-2026/,
2026,state,Minnesota,MN,state_ordinary_income,married_filing_jointly,3,193480.0,337930.0,0.0785,,,,,,,,"Tax Foundation, 2026 State Income Tax Rates and Brackets",https://taxfoundation.org/data/all/state/state-income-tax-rates-2026/,
2026,state,Minnesota,MN,state_ordinary_income,married_filing_jointly,4,337930.0,,0.09849999999999999,,,,,,,,"Tax Foundation, 2026 State Income Tax Rates and Brackets",https://taxfoundation.org/data/all/state/state-income-tax-rates-2026/,
2026,state,Minnesota,MN,state_ordinary_income,single,1,0.0,33310.0,0.0535,,"$15,300",15300.0,n.a.,,"$5,300",5300.0,"Tax Foundation, 2026 State Income Tax Rates and Brackets",https://taxfoundation.org/data/all/state/state-income-tax-rates-2026/,
2026,state,Minnesota,MN,state_ordinary_income,single,2,33310.0,109430.0,0.068,,,,,,,,"Tax Foundation, 2026 State Income Tax Rates and Brackets",https://taxfoundation.org/data/all/state/state-income-tax-rates-2026/,
2026,state,Minnesota,MN,state_ordinary_income,single,3,109430.0,203150.0,0.0785,,,,,,,,"Tax Foundation, 2026 State Income Tax Rates and Brackets",https://taxfoundation.org/data/all/state/state-income-tax-rates-2026/,
2026,state,Minnesota,MN,state_ordinary_income,single,4,203150.0,,0.09849999999999999,,,,,,,,"Tax Foundation, 2026 State Income Tax Rates and Brackets",https://taxfoundation.org/data/all/state/state-income-tax-rates-2026/,
2026,state,Mississippi,MS,state_ordinary_income,married_filing_jointly,1,0.0,10000.0,0.0,implicit_zero_tax_band,"$4,600",4600.0,"$12,000",12000.0,"$1,500",1500.0,"Tax Foundation, 2026 State Income Tax Rates and Brackets",https://taxfoundation.org/data/all/state/state-income-tax-rates-2026/,
2026,state,Mississippi,MS,state_ordinary_income,married_filing_jointly,2,10000.0,,0.04,,"$4,600",4600.0,"$12,000",12000.0,"$1,500",1500.0,"Tax Foundation, 2026 State Income Tax Rates and Brackets",https://taxfoundation.org/data/all/state/state-income-tax-rates-2026/,
2026,state,Mississippi,MS,state_ordinary_income,single,1,0.0,10000.0,0.0,implicit_zero_tax_band,"$2,300",2300.0,"$6,000",6000.0,"$1,500",1500.0,"Tax Foundation, 2026 State Income Tax Rates and Brackets",https://taxfoundation.org/data/all/state/state-income-tax-rates-2026/,
2026,state,Mississippi,MS,state_ordinary_income,single,2,10000.0,,0.04,,"$2,300",2300.0,"$6,000",6000.0,"$1,500",1500.0,"Tax Foundation, 2026 State Income Tax Rates and Brackets",https://taxfoundation.org/data/all/state/state-income-tax-rates-2026/,
2026,state,Missouri,MO,state_ordinary_income,married_filing_jointly,1,0.0,1348.0,0.0,implicit_zero_tax_band,"$32,200",32200.0,n.a,,n.a,,"Tax Foundation, 2026 State Income Tax Rates and Brackets",https://taxfoundation.org/data/all/state/state-income-tax-rates-2026/,
2026,state,Missouri,MO,state_ordinary_income,married_filing_jointly,2,1348.0,2696.0,0.02,,"$32,200",32200.0,n.a,,n.a,,"Tax Foundation, 2026 State Income Tax Rates and Brackets",https://taxfoundation.org/data/all/state/state-income-tax-rates-2026/,
2026,state,Missouri,MO,state_ordinary_income,married_filing_jointly,3,2696.0,4044.0,0.025,,,,,,,,"Tax Foundation, 2026 State Income Tax Rates and Brackets",https://taxfoundation.org/data/all/state/state-income-tax-rates-2026/,
2026,state,Missouri,MO,state_ordinary_income,married_filing_jointly,4,4044.0,5392.0,0.03,,,,,,,,"Tax Foundation, 2026 State Income Tax Rates and Brackets",https://taxfoundation.org/data/all/state/state-income-tax-rates-2026/,
2026,state,Missouri,MO,state_ordinary_income,married_filing_jointly,5,5392.0,6740.0,0.035,,,,,,,,"Tax Foundation, 2026 State Income Tax Rates and Brackets",https://taxfoundation.org/data/all/state/state-income-tax-rates-2026/,
2026,state,Missouri,MO,state_ordinary_income,married_filing_jointly,6,6740.0,8088.0,0.04,,,,,,,,"Tax Foundation, 2026 State Income Tax Rates and Brackets",https://taxfoundation.org/data/all/state/state-income-tax-rates-2026/,
2026,state,Missouri,MO,state_ordinary_income,married_filing_jointly,7,8088.0,9436.0,0.045,,,,,,,,"Tax Foundation, 2026 State Income Tax Rates and Brackets",https://taxfoundation.org/data/all/state/state-income-tax-rates-2026/,
2026,state,Missouri,MO,state_ordinary_income,married_filing_jointly,8,9436.0,,0.047,,,,,,,,"Tax Foundation, 2026 State Income Tax Rates and Brackets",https://taxfoundation.org/data/all/state/state-income-tax-rates-2026/,
2026,state,Missouri,MO,state_ordinary_income,single,1,0.0,1348.0,0.0,implicit_zero_tax_band,"$16,100",16100.0,n.a,,n.a,,"Tax Foundation, 2026 State Income Tax Rates and Brackets",https://taxfoundation.org/data/all/state/state-income-tax-rates-2026/,
2026,state,Missouri,MO,state_ordinary_income,single,2,1348.0,2696.0,0.02,,"$16,100",16100.0,n.a,,n.a,,"Tax Foundation, 2026 State Income Tax Rates and Brackets",https://taxfoundation.org/data/all/state/state-income-tax-rates-2026/,
2026,state,Missouri,MO,state_ordinary_income,single,3,2696.0,4044.0,0.025,,,,,,,,"Tax Foundation, 2026 State Income Tax Rates and Brackets",https://taxfoundation.org/data/all/state/state-income-tax-rates-2026/,
2026,state,Missouri,MO,state_ordinary_income,single,4,4044.0,5392.0,0.03,,,,,,,,"Tax Foundation, 2026 State Income Tax Rates and Brackets",https://taxfoundation.org/data/all/state/state-income-tax-rates-2026/,
2026,state,Missouri,MO,state_ordinary_income,single,5,5392.0,6740.0,0.035,,,,,,,,"Tax Foundation, 2026 State Income Tax Rates and Brackets",https://taxfoundation.org/data/all/state/state-income-tax-rates-2026/,
2026,state,Missouri,MO,state_ordinary_income,single,6,6740.0,8088.0,0.04,,,,,,,,"Tax Foundation, 2026 State Income Tax Rates and Brackets",https://taxfoundation.org/data/all/state/state-income-tax-rates-2026/,
2026,state,Missouri,MO,state_ordinary_income,single,7,8088.0,9436.0,0.045,,,,,,,,"Tax Foundation, 2026 State Income Tax Rates and Brackets",https://taxfoundation.org/data/all/state/state-income-tax-rates-2026/,
2026,state,Missouri,MO,state_ordinary_income,single,8,9436.0,,0.047,,,,,,,,"Tax Foundation, 2026 State Income Tax Rates and Brackets",https://taxfoundation.org/data/all/state/state-income-tax-rates-2026/,
2026,state,Montana,MT,state_ordinary_income,married_filing_jointly,1,0.0,95000.0,0.047,,"$32,200",32200.0,n.a,,n.a,,"Tax Foundation, 2026 State Income Tax Rates and Brackets",https://taxfoundation.org/data/all/state/state-income-tax-rates-2026/,
2026,state,Montana,MT,state_ordinary_income,married_filing_jointly,2,95000.0,,0.0565,,,,,,,,"Tax Foundation, 2026 State Income Tax Rates and Brackets",https://taxfoundation.org/data/all/state/state-income-tax-rates-2026/,
2026,state,Montana,MT,state_ordinary_income,single,1,0.0,47500.0,0.047,,"$16,100",16100.0,n.a,,n.a,,"Tax Foundation, 2026 State Income Tax Rates and Brackets",https://taxfoundation.org/data/all/state/state-income-tax-rates-2026/,
2026,state,Montana,MT,state_ordinary_income,single,2,47500.0,,0.0565,,,,,,,,"Tax Foundation, 2026 State Income Tax Rates and Brackets",https://taxfoundation.org/data/all/state/state-income-tax-rates-2026/,
2026,state,Nebraska,NE,state_ordinary_income,married_filing_jointly,1,0.0,8250.0,0.0246,,"$17,700",17700.0,$352 credit,352.0,$176 credit,176.0,"Tax Foundation, 2026 State Income Tax Rates and Brackets",https://taxfoundation.org/data/all/state/state-income-tax-rates-2026/,
2026,state,Nebraska,NE,state_ordinary_income,married_filing_jointly,2,8250.0,49530.0,0.0351,,,,,,,,"Tax Foundation, 2026 State Income Tax Rates and Brackets",https://taxfoundation.org/data/all/state/state-income-tax-rates-2026/,
2026,state,Nebraska,NE,state_ordinary_income,married_filing_jointly,3,49530.0,,0.0455,,,,,,,,"Tax Foundation, 2026 State Income Tax Rates and Brackets",https://taxfoundation.org/data/all/state/state-income-tax-rates-2026/,
2026,state,Nebraska,NE,state_ordinary_income,single,1,0.0,4130.0,0.0246,,"$8,850",8850.0,$176 credit,176.0,$176 credit,176.0,"Tax Foundation, 2026 State Income Tax Rates and Brackets",https://taxfoundation.org/data/all/state/state-income-tax-rates-2026/,
2026,state,Nebraska,NE,state_ordinary_income,single,2,4130.0,24760.0,0.0351,,,,,,,,"Tax Foundation, 2026 State Income Tax Rates and Brackets",https://taxfoundation.org/data/all/state/state-income-tax-rates-2026/,
2026,state,Nebraska,NE,state_ordinary_income,single,3,24760.0,,0.0455,,,,,,,,"Tax Foundation, 2026 State Income Tax Rates and Brackets",https://taxfoundation.org/data/all/state/state-income-tax-rates-2026/,
2026,state,Nevada,NV,state_ordinary_income,married_filing_jointly,1,0.0,,0.0,,n.a.,,n.a.,,n.a.,,"Tax Foundation, 2026 State Income Tax Rates and Brackets",https://taxfoundation.org/data/all/state/state-income-tax-rates-2026/,
2026,state,Nevada,NV,state_ordinary_income,single,1,0.0,,0.0,,n.a.,,n.a.,,n.a.,,"Tax Foundation, 2026 State Income Tax Rates and Brackets",https://taxfoundation.org/data/all/state/state-income-tax-rates-2026/,
2026,state,New Hampshire,NH,state_ordinary_income,married_filing_jointly,1,0.0,,0.0,,n.a,,n.a.,,n.a.,,"Tax Foundation, 2026 State Income Tax Rates and Brackets",https://taxfoundation.org/data/all/state/state-income-tax-rates-2026/,
2026,state,New Hampshire,NH,state_ordinary_income,single,1,0.0,,0.0,,n.a,,n.a.,,n.a.,,"Tax Foundation, 2026 State Income Tax Rates and Brackets",https://taxfoundation.org/data/all/state/state-income-tax-rates-2026/,
2026,state,New Jersey,NJ,state_ordinary_income,married_filing_jointly,1,0.0,20000.0,0.013999999999999999,,n.a.,,"$2,000",2000.0,"$1,500",1500.0,"Tax Foundation, 2026 State Income Tax Rates and Brackets",https://taxfoundation.org/data/all/state/state-income-tax-rates-2026/,
2026,state,New Jersey,NJ,state_ordinary_income,married_filing_jointly,2,20000.0,50000.0,0.0175,,,,,,,,"Tax Foundation, 2026 State Income Tax Rates and Brackets",https://taxfoundation.org/data/all/state/state-income-tax-rates-2026/,
2026,state,New Jersey,NJ,state_ordinary_income,married_filing_jointly,3,50000.0,70000.0,0.0245,,,,,,,,"Tax Foundation, 2026 State Income Tax Rates and Brackets",https://taxfoundation.org/data/all/state/state-income-tax-rates-2026/,
2026,state,New Jersey,NJ,state_ordinary_income,married_filing_jointly,4,70000.0,80000.0,0.035,,,,,,,,"Tax Foundation, 2026 State Income Tax Rates and Brackets",https://taxfoundation.org/data/all/state/state-income-tax-rates-2026/,
2026,state,New Jersey,NJ,state_ordinary_income,married_filing_jointly,5,80000.0,150000.0,0.0553,,,,,,,,"Tax Foundation, 2026 State Income Tax Rates and Brackets",https://taxfoundation.org/data/all/state/state-income-tax-rates-2026/,
2026,state,New Jersey,NJ,state_ordinary_income,married_filing_jointly,6,150000.0,500000.0,0.0637,,,,,,,,"Tax Foundation, 2026 State Income Tax Rates and Brackets",https://taxfoundation.org/data/all/state/state-income-tax-rates-2026/,
2026,state,New Jersey,NJ,state_ordinary_income,married_filing_jointly,7,500000.0,1000000.0,0.0897,,,,,,,,"Tax Foundation, 2026 State Income Tax Rates and Brackets",https://taxfoundation.org/data/all/state/state-income-tax-rates-2026/,
2026,state,New Jersey,NJ,state_ordinary_income,married_filing_jointly,8,1000000.0,,0.1075,,,,,,,,"Tax Foundation, 2026 State Income Tax Rates and Brackets",https://taxfoundation.org/data/all/state/state-income-tax-rates-2026/,
2026,state,New Jersey,NJ,state_ordinary_income,single,1,0.0,20000.0,0.013999999999999999,,n.a.,,"$1,000",1000.0,"$1,500",1500.0,"Tax Foundation, 2026 State Income Tax Rates and Brackets",https://taxfoundation.org/data/all/state/state-income-tax-rates-2026/,
2026,state,New Jersey,NJ,state_ordinary_income,single,2,20000.0,35000.0,0.0175,,,,,,,,"Tax Foundation, 2026 State Income Tax Rates and Brackets",https://taxfoundation.org/data/all/state/state-income-tax-rates-2026/,
2026,state,New Jersey,NJ,state_ordinary_income,single,3,35000.0,40000.0,0.035,,,,,,,,"Tax Foundation, 2026 State Income Tax Rates and Brackets",https://taxfoundation.org/data/all/state/state-income-tax-rates-2026/,
2026,state,New Jersey,NJ,state_ordinary_income,single,4,40000.0,75000.0,0.0553,,,,,,,,"Tax Foundation, 2026 State Income Tax Rates and Brackets",https://taxfoundation.org/data/all/state/state-income-tax-rates-2026/,
2026,state,New Jersey,NJ,state_ordinary_income,single,5,75000.0,500000.0,0.0637,,,,,,,,"Tax Foundation, 2026 State Income Tax Rates and Brackets",https://taxfoundation.org/data/all/state/state-income-tax-rates-2026/,
2026,state,New Jersey,NJ,state_ordinary_income,single,6,500000.0,1000000.0,0.0897,,,,,,,,"Tax Foundation, 2026 State Income Tax Rates and Brackets",https://taxfoundation.org/data/all/state/state-income-tax-rates-2026/,
2026,state,New Jersey,NJ,state_ordinary_income,single,7,1000000.0,,0.1075,,,,,,,,"Tax Foundation, 2026 State Income Tax Rates and Brackets",https://taxfoundation.org/data/all/state/state-income-tax-rates-2026/,
2026,state,New Mexico,NM,state_ordinary_income,married_filing_jointly,1,0.0,8000.0,0.015,,"$32,200",32200.0,n.a.,,"$4,000",4000.0,"Tax Foundation, 2026 State Income Tax Rates and Brackets",https://taxfoundation.org/data/all/state/state-income-tax-rates-2026/,
2026,state,New Mexico,NM,state_ordinary_income,married_filing_jointly,2,8000.0,25000.0,0.032,,,,,,,,"Tax Foundation, 2026 State Income Tax Rates and Brackets",https://taxfoundation.org/data/all/state/state-income-tax-rates-2026/,
2026,state,New Mexico,NM,state_ordinary_income,married_filing_jointly,3,25000.0,50000.0,0.043,,,,,,,,"Tax Foundation, 2026 State Income Tax Rates and Brackets",https://taxfoundation.org/data/all/state/state-income-tax-rates-2026/,
2026,state,New Mexico,NM,state_ordinary_income,married_filing_jointly,4,50000.0,100000.0,0.047,,,,,,,,"Tax Foundation, 2026 State Income Tax Rates and Brackets",https://taxfoundation.org/data/all/state/state-income-tax-rates-2026/,
2026,state,New Mexico,NM,state_ordinary_income,married_filing_jointly,5,100000.0,315000.0,0.049,,,,,,,,"Tax Foundation, 2026 State Income Tax Rates and Brackets",https://taxfoundation.org/data/all/state/state-income-tax-rates-2026/,
2026,state,New Mexico,NM,state_ordinary_income,married_filing_jointly,6,315000.0,,0.059000000000000004,,,,,,,,"Tax Foundation, 2026 State Income Tax Rates and Brackets",https://taxfoundation.org/data/all/state/state-income-tax-rates-2026/,
2026,state,New Mexico,NM,state_ordinary_income,single,1,0.0,5500.0,0.015,,"$16,100",16100.0,n.a.,,"$4,000",4000.0,"Tax Foundation, 2026 State Income Tax Rates and Brackets",https://taxfoundation.org/data/all/state/state-income-tax-rates-2026/,
2026,state,New Mexico,NM,state_ordinary_income,single,2,5500.0,16500.0,0.032,,,,,,,,"Tax Foundation, 2026 State Income Tax Rates and Brackets",https://taxfoundation.org/data/all/state/state-income-tax-rates-2026/,
2026,state,New Mexico,NM,state_ordinary_income,single,3,16500.0,33500.0,0.043,,,,,,,,"Tax Foundation, 2026 State Income Tax Rates and Brackets",https://taxfoundation.org/data/all/state/state-income-tax-rates-2026/,
2026,state,New Mexico,NM,state_ordinary_income,single,4,33500.0,66500.0,0.047,,,,,,,,"Tax Foundation, 2026 State Income Tax Rates and Brackets",https://taxfoundation.org/data/all/state/state-income-tax-rates-2026/,
2026,state,New Mexico,NM,state_ordinary_income,single,5,66500.0,210000.0,0.049,,,,,,,,"Tax Foundation, 2026 State Income Tax Rates and Brackets",https://taxfoundation.org/data/all/state/state-income-tax-rates-2026/,
2026,state,New Mexico,NM,state_ordinary_income,single,6,210000.0,,0.059000000000000004,,,,,,,,"Tax Foundation, 2026 State Income Tax Rates and Brackets",https://taxfoundation.org/data/all/state/state-income-tax-rates-2026/,
2026,state,New York,NY,state_ordinary_income,married_filing_jointly,1,0.0,17150.0,0.039,,"$16,050",16050.0,n.a.,,"$1,000",1000.0,"Tax Foundation, 2026 State Income Tax Rates and Brackets",https://taxfoundation.org/data/all/state/state-income-tax-rates-2026/,
2026,state,New York,NY,state_ordinary_income,married_filing_jointly,2,17150.0,23600.0,0.044000000000000004,,,,,,,,"Tax Foundation, 2026 State Income Tax Rates and Brackets",https://taxfoundation.org/data/all/state/state-income-tax-rates-2026/,
2026,state,New York,NY,state_ordinary_income,married_filing_jointly,3,23600.0,27900.0,0.051500000000000004,,,,,,,,"Tax Foundation, 2026 State Income Tax Rates and Brackets",https://taxfoundation.org/data/all/state/state-income-tax-rates-2026/,
2026,state,New York,NY,state_ordinary_income,married_filing_jointly,4,27900.0,161550.0,0.054000000000000006,,,,,,,,"Tax Foundation, 2026 State Income Tax Rates and Brackets",https://taxfoundation.org/data/all/state/state-income-tax-rates-2026/,
2026,state,New York,NY,state_ordinary_income,married_filing_jointly,5,161550.0,323200.0,0.059000000000000004,,,,,,,,"Tax Foundation, 2026 State Income Tax Rates and Brackets",https://taxfoundation.org/data/all/state/state-income-tax-rates-2026/,
2026,state,New York,NY,state_ordinary_income,married_filing_jointly,6,323200.0,2155350.0,0.06849999999999999,,,,,,,,"Tax Foundation, 2026 State Income Tax Rates and Brackets",https://taxfoundation.org/data/all/state/state-income-tax-rates-2026/,
2026,state,New York,NY,state_ordinary_income,married_filing_jointly,7,2155350.0,5000000.0,0.0965,,,,,,,,"Tax Foundation, 2026 State Income Tax Rates and Brackets",https://taxfoundation.org/data/all/state/state-income-tax-rates-2026/,
2026,state,New York,NY,state_ordinary_income,married_filing_jointly,8,5000000.0,25000000.0,0.10300000000000001,,,,,,,,"Tax Foundation, 2026 State Income Tax Rates and Brackets",https://taxfoundation.org/data/all/state/state-income-tax-rates-2026/,
2026,state,New York,NY,state_ordinary_income,married_filing_jointly,9,25000000.0,,0.109,,,,,,,,"Tax Foundation, 2026 State Income Tax Rates and Brackets",https://taxfoundation.org/data/all/state/state-income-tax-rates-2026/,
2026,state,New York,NY,state_ordinary_income,single,1,0.0,8500.0,0.039,,"$8,000",8000.0,n.a.,,"$1,000",1000.0,"Tax Foundation, 2026 State Income Tax Rates and Brackets",https://taxfoundation.org/data/all/state/state-income-tax-rates-2026/,
2026,state,New York,NY,state_ordinary_income,single,2,8500.0,11700.0,0.044000000000000004,,,,,,,,"Tax Foundation, 2026 State Income Tax Rates and Brackets",https://taxfoundation.org/data/all/state/state-income-tax-rates-2026/,
2026,state,New York,NY,state_ordinary_income,single,3,11700.0,13900.0,0.051500000000000004,,,,,,,,"Tax Foundation, 2026 State Income Tax Rates and Brackets",https://taxfoundation.org/data/all/state/state-income-tax-rates-2026/,
2026,state,New York,NY,state_ordinary_income,single,4,13900.0,80650.0,0.054000000000000006,,,,,,,,"Tax Foundation, 2026 State Income Tax Rates and Brackets",https://taxfoundation.org/data/all/state/state-income-tax-rates-2026/,
2026,state,New York,NY,state_ordinary_income,single,5,80650.0,215400.0,0.059000000000000004,,,,,,,,"Tax Foundation, 2026 State Income Tax Rates and Brackets",https://taxfoundation.org/data/all/state/state-income-tax-rates-2026/,
2026,state,New York,NY,state_ordinary_income,single,6,215400.0,1077550.0,0.06849999999999999,,,,,,,,"Tax Foundation, 2026 State Income Tax Rates and Brackets",https://taxfoundation.org/data/all/state/state-income-tax-rates-2026/,
2026,state,New York,NY,state_ordinary_income,single,7,1077550.0,5000000.0,0.0965,,,,,,,,"Tax Foundation, 2026 State Income Tax Rates and Brackets",https://taxfoundation.org/data/all/state/state-income-tax-rates-2026/,
2026,state,New York,NY,state_ordinary_income,single,8,5000000.0,25000000.0,0.10300000000000001,,,,,,,,"Tax Foundation, 2026 State Income Tax Rates and Brackets",https://taxfoundation.org/data/all/state/state-income-tax-rates-2026/,
2026,state,New York,NY,state_ordinary_income,single,9,25000000.0,,0.109,,,,,,,,"Tax Foundation, 2026 State Income Tax Rates and Brackets",https://taxfoundation.org/data/all/state/state-income-tax-rates-2026/,
2026,state,North Carolina,NC,state_ordinary_income,married_filing_jointly,1,0.0,,0.039900000000000005,,"$25,500",25500.0,n.a.,,n.a.,,"Tax Foundation, 2026 State Income Tax Rates and Brackets",https://taxfoundation.org/data/all/state/state-income-tax-rates-2026/,
2026,state,North Carolina,NC,state_ordinary_income,single,1,0.0,,0.039900000000000005,,"$12,750",12750.0,n.a.,,n.a.,,"Tax Foundation, 2026 State Income Tax Rates and Brackets",https://taxfoundation.org/data/all/state/state-income-tax-rates-2026/,
2026,state,North Dakota,ND,state_ordinary_income,married_filing_jointly,1,0.0,80975.0,0.0,implicit_zero_tax_band,"$32,200",32200.0,n.a.,,n.a.,,"Tax Foundation, 2026 State Income Tax Rates and Brackets",https://taxfoundation.org/data/all/state/state-income-tax-rates-2026/,
2026,state,North Dakota,ND,state_ordinary_income,married_filing_jointly,2,80975.0,298075.0,0.0195,,"$32,200",32200.0,n.a.,,n.a.,,"Tax Foundation, 2026 State Income Tax Rates and Brackets",https://taxfoundation.org/data/all/state/state-income-tax-rates-2026/,
2026,state,North Dakota,ND,state_ordinary_income,married_filing_jointly,3,298075.0,,0.025,,,,,,,,"Tax Foundation, 2026 State Income Tax Rates and Brackets",https://taxfoundation.org/data/all/state/state-income-tax-rates-2026/,
2026,state,North Dakota,ND,state_ordinary_income,single,1,0.0,48475.0,0.0,implicit_zero_tax_band,"$16,100",16100.0,n.a.,,n.a.,,"Tax Foundation, 2026 State Income Tax Rates and Brackets",https://taxfoundation.org/data/all/state/state-income-tax-rates-2026/,
2026,state,North Dakota,ND,state_ordinary_income,single,2,48475.0,244825.0,0.0195,,"$16,100",16100.0,n.a.,,n.a.,,"Tax Foundation, 2026 State Income Tax Rates and Brackets",https://taxfoundation.org/data/all/state/state-income-tax-rates-2026/,
2026,state,North Dakota,ND,state_ordinary_income,single,3,244825.0,,0.025,,,,,,,,"Tax Foundation, 2026 State Income Tax Rates and Brackets",https://taxfoundation.org/data/all/state/state-income-tax-rates-2026/,
2026,state,Ohio,OH,state_ordinary_income,married_filing_jointly,1,0.0,26050.0,0.0,implicit_zero_tax_band,n.a.,,"$4,800",4800.0,"$2,400",2400.0,"Tax Foundation, 2026 State Income Tax Rates and Brackets",https://taxfoundation.org/data/all/state/state-income-tax-rates-2026/,
2026,state,Ohio,OH,state_ordinary_income,married_filing_jointly,2,26050.0,,0.0275,,n.a.,,"$4,800",4800.0,"$2,400",2400.0,"Tax Foundation, 2026 State Income Tax Rates and Brackets",https://taxfoundation.org/data/all/state/state-income-tax-rates-2026/,
2026,state,Ohio,OH,state_ordinary_income,single,1,0.0,26050.0,0.0,implicit_zero_tax_band,n.a.,,"$2,400",2400.0,"$2,400",2400.0,"Tax Foundation, 2026 State Income Tax Rates and Brackets",https://taxfoundation.org/data/all/state/state-income-tax-rates-2026/,
2026,state,Ohio,OH,state_ordinary_income,single,2,26050.0,,0.0275,,n.a.,,"$2,400",2400.0,"$2,400",2400.0,"Tax Foundation, 2026 State Income Tax Rates and Brackets",https://taxfoundation.org/data/all/state/state-income-tax-rates-2026/,
2026,state,Oklahoma,OK,state_ordinary_income,married_filing_jointly,1,0.0,7500.0,0.0,implicit_zero_tax_band,"$12,700",12700.0,"$2,000",2000.0,"$1,000",1000.0,"Tax Foundation, 2026 State Income Tax Rates and Brackets",https://taxfoundation.org/data/all/state/state-income-tax-rates-2026/,
2026,state,Oklahoma,OK,state_ordinary_income,married_filing_jointly,2,7500.0,9800.0,0.025,,"$12,700",12700.0,"$2,000",2000.0,"$1,000",1000.0,"Tax Foundation, 2026 State Income Tax Rates and Brackets",https://taxfoundation.org/data/all/state/state-income-tax-rates-2026/,
2026,state,Oklahoma,OK,state_ordinary_income,married_filing_jointly,3,9800.0,14400.0,0.035,,,,,,,,"Tax Foundation, 2026 State Income Tax Rates and Brackets",https://taxfoundation.org/data/all/state/state-income-tax-rates-2026/,
2026,state,Oklahoma,OK,state_ordinary_income,married_filing_jointly,4,14400.0,,0.045,,,,,,,,"Tax Foundation, 2026 State Income Tax Rates and Brackets",https://taxfoundation.org/data/all/state/state-income-tax-rates-2026/,
2026,state,Oklahoma,OK,state_ordinary_income,single,1,0.0,3750.0,0.0,implicit_zero_tax_band,"$6,350",6350.0,"$1,000",1000.0,"$1,000",1000.0,"Tax Foundation, 2026 State Income Tax Rates and Brackets",https://taxfoundation.org/data/all/state/state-income-tax-rates-2026/,
2026,state,Oklahoma,OK,state_ordinary_income,single,2,3750.0,4900.0,0.025,,"$6,350",6350.0,"$1,000",1000.0,"$1,000",1000.0,"Tax Foundation, 2026 State Income Tax Rates and Brackets",https://taxfoundation.org/data/all/state/state-income-tax-rates-2026/,
2026,state,Oklahoma,OK,state_ordinary_income,single,3,4900.0,7200.0,0.035,,,,,,,,"Tax Foundation, 2026 State Income Tax Rates and Brackets",https://taxfoundation.org/data/all/state/state-income-tax-rates-2026/,
2026,state,Oklahoma,OK,state_ordinary_income,single,4,7200.0,,0.045,,,,,,,,"Tax Foundation, 2026 State Income Tax Rates and Brackets",https://taxfoundation.org/data/all/state/state-income-tax-rates-2026/,
2026,state,Oregon,OR,state_ordinary_income,married_filing_jointly,1,0.0,9100.0,0.0475,,"$5,820",5820.0,$512 credit,512.0,$256 credit,256.0,"Tax Foundation, 2026 State Income Tax Rates and Brackets",https://taxfoundation.org/data/all/state/state-income-tax-rates-2026/,
2026,state,Oregon,OR,state_ordinary_income,married_filing_jointly,2,9100.0,22800.0,0.0675,,,,,,,,"Tax Foundation, 2026 State Income Tax Rates and Brackets",https://taxfoundation.org/data/all/state/state-income-tax-rates-2026/,
2026,state,Oregon,OR,state_ordinary_income,married_filing_jointly,3,22800.0,250000.0,0.0875,,,,,,,,"Tax Foundation, 2026 State Income Tax Rates and Brackets",https://taxfoundation.org/data/all/state/state-income-tax-rates-2026/,
2026,state,Oregon,OR,state_ordinary_income,married_filing_jointly,4,250000.0,,0.099,,,,,,,,"Tax Foundation, 2026 State Income Tax Rates and Brackets",https://taxfoundation.org/data/all/state/state-income-tax-rates-2026/,
2026,state,Oregon,OR,state_ordinary_income,single,1,0.0,4550.0,0.0475,,"$2,910",2910.0,$256 credit,256.0,$256 credit,256.0,"Tax Foundation, 2026 State Income Tax Rates and Brackets",https://taxfoundation.org/data/all/state/state-income-tax-rates-2026/,
2026,state,Oregon,OR,state_ordinary_income,single,2,4550.0,11400.0,0.0675,,,,,,,,"Tax Foundation, 2026 State Income Tax Rates and Brackets",https://taxfoundation.org/data/all/state/state-income-tax-rates-2026/,
2026,state,Oregon,OR,state_ordinary_income,single,3,11400.0,125000.0,0.0875,,,,,,,,"Tax Foundation, 2026 State Income Tax Rates and Brackets",https://taxfoundation.org/data/all/state/state-income-tax-rates-2026/,
2026,state,Oregon,OR,state_ordinary_income,single,4,125000.0,,0.099,,,,,,,,"Tax Foundation, 2026 State Income Tax Rates and Brackets",https://taxfoundation.org/data/all/state/state-income-tax-rates-2026/,
2026,state,Pennsylvania,PA,state_ordinary_income,married_filing_jointly,1,0.0,,0.030699999999999998,,n.a.,,n.a.,,n.a.,,"Tax Foundation, 2026 State Income Tax Rates and Brackets",https://taxfoundation.org/data/all/state/state-income-tax-rates-2026/,
2026,state,Pennsylvania,PA,state_ordinary_income,single,1,0.0,,0.030699999999999998,,n.a.,,n.a.,,n.a.,,"Tax Foundation, 2026 State Income Tax Rates and Brackets",https://taxfoundation.org/data/all/state/state-income-tax-rates-2026/,
2026,state,Rhode Island,RI,state_ordinary_income,married_filing_jointly,1,0.0,82050.0,0.0375,,"$22,400",22400.0,"$10,500",10500.0,"$5,250",5250.0,"Tax Foundation, 2026 State Income Tax Rates and Brackets",https://taxfoundation.org/data/all/state/state-income-tax-rates-2026/,
2026,state,Rhode Island,RI,state_ordinary_income,married_filing_jointly,2,82050.0,186450.0,0.0475,,,,,,,,"Tax Foundation, 2026 State Income Tax Rates and Brackets",https://taxfoundation.org/data/all/state/state-income-tax-rates-2026/,
2026,state,Rhode Island,RI,state_ordinary_income,married_filing_jointly,3,186450.0,,0.0599,,,,,,,,"Tax Foundation, 2026 State Income Tax Rates and Brackets",https://taxfoundation.org/data/all/state/state-income-tax-rates-2026/,
2026,state,Rhode Island,RI,state_ordinary_income,single,1,0.0,82050.0,0.0375,,"$11,200",11200.0,"$5,250",5250.0,"$5,250",5250.0,"Tax Foundation, 2026 State Income Tax Rates and Brackets",https://taxfoundation.org/data/all/state/state-income-tax-rates-2026/,
2026,state,Rhode Island,RI,state_ordinary_income,single,2,82050.0,186450.0,0.0475,,,,,,,,"Tax Foundation, 2026 State Income Tax Rates and Brackets",https://taxfoundation.org/data/all/state/state-income-tax-rates-2026/,
2026,state,Rhode Island,RI,state_ordinary_income,single,3,186450.0,,0.0599,,,,,,,,"Tax Foundation, 2026 State Income Tax Rates and Brackets",https://taxfoundation.org/data/all/state/state-income-tax-rates-2026/,
2026,state,South Carolina,SC,state_ordinary_income,married_filing_jointly,1,0.0,3640.0,0.0,,"$16,700",16700.0,n.a.,,"$4,930",4930.0,"Tax Foundation, 2026 State Income Tax Rates and Brackets",https://taxfoundation.org/data/all/state/state-income-tax-rates-2026/,
2026,state,South Carolina,SC,state_ordinary_income,married_filing_jointly,2,3640.0,18230.0,0.03,,,,,,,,"Tax Foundation, 2026 State Income Tax Rates and Brackets",https://taxfoundation.org/data/all/state/state-income-tax-rates-2026/,
2026,state,South Carolina,SC,state_ordinary_income,married_filing_jointly,3,18230.0,,0.06,,,,,,,,"Tax Foundation, 2026 State Income Tax Rates and Brackets",https://taxfoundation.org/data/all/state/state-income-tax-rates-2026/,
2026,state,South Carolina,SC,state_ordinary_income,single,1,0.0,3640.0,0.0,,"$8,350",8350.0,n.a.,,"$4,930",4930.0,"Tax Foundation, 2026 State Income Tax Rates and Brackets",https://taxfoundation.org/data/all/state/state-income-tax-rates-2026/,
2026,state,South Carolina,SC,state_ordinary_income,single,2,3640.0,18230.0,0.03,,,,,,,,"Tax Foundation, 2026 State Income Tax Rates and Brackets",https://taxfoundation.org/data/all/state/state-income-tax-rates-2026/,
2026,state,South Carolina,SC,state_ordinary_income,single,3,18230.0,,0.06,,,,,,,,"Tax Foundation, 2026 State Income Tax Rates and Brackets",https://taxfoundation.org/data/all/state/state-income-tax-rates-2026/,
2026,state,South Dakota,SD,state_ordinary_income,married_filing_jointly,1,0.0,,0.0,,n.a.,,n.a.,,n.a.,,"Tax Foundation, 2026 State Income Tax Rates and Brackets",https://taxfoundation.org/data/all/state/state-income-tax-rates-2026/,
2026,state,South Dakota,SD,state_ordinary_income,single,1,0.0,,0.0,,n.a.,,n.a.,,n.a.,,"Tax Foundation, 2026 State Income Tax Rates and Brackets",https://taxfoundation.org/data/all/state/state-income-tax-rates-2026/,
2026,state,Tennessee,TN,state_ordinary_income,married_filing_jointly,1,0.0,,0.0,,n.a.,,n.a.,,n.a.,,"Tax Foundation, 2026 State Income Tax Rates and Brackets",https://taxfoundation.org/data/all/state/state-income-tax-rates-2026/,
2026,state,Tennessee,TN,state_ordinary_income,single,1,0.0,,0.0,,n.a.,,n.a.,,n.a.,,"Tax Foundation, 2026 State Income Tax Rates and Brackets",https://taxfoundation.org/data/all/state/state-income-tax-rates-2026/,
2026,state,Texas,TX,state_ordinary_income,married_filing_jointly,1,0.0,,0.0,,n.a.,,n.a.,,n.a.,,"Tax Foundation, 2026 State Income Tax Rates and Brackets",https://taxfoundation.org/data/all/state/state-income-tax-rates-2026/,
2026,state,Texas,TX,state_ordinary_income,single,1,0.0,,0.0,,n.a.,,n.a.,,n.a.,,"Tax Foundation, 2026 State Income Tax Rates and Brackets",https://taxfoundation.org/data/all/state/state-income-tax-rates-2026/,
2026,state,Utah,UT,state_ordinary_income,married_filing_jointly,1,0.0,,0.045,,"$1,932 credit",1932.0,n.a.,,"$2,111",2111.0,"Tax Foundation, 2026 State Income Tax Rates and Brackets",https://taxfoundation.org/data/all/state/state-income-tax-rates-2026/,
2026,state,Utah,UT,state_ordinary_income,single,1,0.0,,0.045,,$966 credit,966.0,n.a.,,"$2,111",2111.0,"Tax Foundation, 2026 State Income Tax Rates and Brackets",https://taxfoundation.org/data/all/state/state-income-tax-rates-2026/,
2026,state,Vermont,VT,state_ordinary_income,married_filing_jointly,1,0.0,82500.0,0.0335,,"$15,300",15300.0,"$10,600",10600.0,"$5,300",5300.0,"Tax Foundation, 2026 State Income Tax Rates and Brackets",https://taxfoundation.org/data/all/state/state-income-tax-rates-2026/,
2026,state,Vermont,VT,state_ordinary_income,married_filing_jointly,2,82500.0,199450.0,0.066,,,,,,,,"Tax Foundation, 2026 State Income Tax Rates and Brackets",https://taxfoundation.org/data/all/state/state-income-tax-rates-2026/,
2026,state,Vermont,VT,state_ordinary_income,married_filing_jointly,3,199450.0,304000.0,0.076,,,,,,,,"Tax Foundation, 2026 State Income Tax Rates and Brackets",https://taxfoundation.org/data/all/state/state-income-tax-rates-2026/,
2026,state,Vermont,VT,state_ordinary_income,married_filing_jointly,4,304000.0,,0.0875,,,,,,,,"Tax Foundation, 2026 State Income Tax Rates and Brackets",https://taxfoundation.org/data/all/state/state-income-tax-rates-2026/,
2026,state,Vermont,VT,state_ordinary_income,single,1,0.0,49400.0,0.0335,,"$7,650",7650.0,"$5,300",5300.0,"$5,300",5300.0,"Tax Foundation, 2026 State Income Tax Rates and Brackets",https://taxfoundation.org/data/all/state/state-income-tax-rates-2026/,
2026,state,Vermont,VT,state_ordinary_income,single,2,49400.0,119700.0,0.066,,,,,,,,"Tax Foundation, 2026 State Income Tax Rates and Brackets",https://taxfoundation.org/data/all/state/state-income-tax-rates-2026/,
2026,state,Vermont,VT,state_ordinary_income,single,3,119700.0,249700.0,0.076,,,,,,,,"Tax Foundation, 2026 State Income Tax Rates and Brackets",https://taxfoundation.org/data/all/state/state-income-tax-rates-2026/,
2026,state,Vermont,VT,state_ordinary_income,single,4,249700.0,,0.0875,,,,,,,,"Tax Foundation, 2026 State Income Tax Rates and Brackets",https://taxfoundation.org/data/all/state/state-income-tax-rates-2026/,
2026,state,Virginia,VA,state_ordinary_income,married_filing_jointly,1,0.0,3000.0,0.02,,"$17,500",17500.0,"$1,860",1860.0,$930,930.0,"Tax Foundation, 2026 State Income Tax Rates and Brackets",https://taxfoundation.org/data/all/state/state-income-tax-rates-2026/,
2026,state,Virginia,VA,state_ordinary_income,married_filing_jointly,2,3000.0,5000.0,0.03,,,,,,,,"Tax Foundation, 2026 State Income Tax Rates and Brackets",https://taxfoundation.org/data/all/state/state-income-tax-rates-2026/,
2026,state,Virginia,VA,state_ordinary_income,married_filing_jointly,3,5000.0,17000.0,0.05,,,,,,,,"Tax Foundation, 2026 State Income Tax Rates and Brackets",https://taxfoundation.org/data/all/state/state-income-tax-rates-2026/,
2026,state,Virginia,VA,state_ordinary_income,married_filing_jointly,4,17000.0,,0.0575,,,,,,,,"Tax Foundation, 2026 State Income Tax Rates and Brackets",https://taxfoundation.org/data/all/state/state-income-tax-rates-2026/,
2026,state,Virginia,VA,state_ordinary_income,single,1,0.0,3000.0,0.02,,"$8,750",8750.0,$930,930.0,$930,930.0,"Tax Foundation, 2026 State Income Tax Rates and Brackets",https://taxfoundation.org/data/all/state/state-income-tax-rates-2026/,
2026,state,Virginia,VA,state_ordinary_income,single,2,3000.0,5000.0,0.03,,,,,,,,"Tax Foundation, 2026 State Income Tax Rates and Brackets",https://taxfoundation.org/data/all/state/state-income-tax-rates-2026/,
2026,state,Virginia,VA,state_ordinary_income,single,3,5000.0,17000.0,0.05,,,,,,,,"Tax Foundation, 2026 State Income Tax Rates and Brackets",https://taxfoundation.org/data/all/state/state-income-tax-rates-2026/,
2026,state,Virginia,VA,state_ordinary_income,single,4,17000.0,,0.0575,,,,,,,,"Tax Foundation, 2026 State Income Tax Rates and Brackets",https://taxfoundation.org/data/all/state/state-income-tax-rates-2026/,
2026,state,Washington,WA,state_capital_gains,married_filing_jointly,1,0.0,1000000.0,0.07,,"$278,000",278000.0,n.a.,,n.a.,,"Tax Foundation, 2026 State Income Tax Rates and Brackets",https://taxfoundation.org/data/all/state/state-income-tax-rates-2026/,Washington rows from the source apply to capital gains income only.
2026,state,Washington,WA,state_capital_gains,married_filing_jointly,2,1000000.0,,0.09,,,,,,,,"Tax Foundation, 2026 State Income Tax Rates and Brackets",https://taxfoundation.org/data/all/state/state-income-tax-rates-2026/,Washington rows from the source apply to capital gains income only.
2026,state,Washington,WA,state_capital_gains,single,1,0.0,1000000.0,0.07,,"$278,000",278000.0,n.a.,,n.a.,,"Tax Foundation, 2026 State Income Tax Rates and Brackets",https://taxfoundation.org/data/all/state/state-income-tax-rates-2026/,Washington rows from the source apply to capital gains income only.
2026,state,Washington,WA,state_capital_gains,single,2,1000000.0,,0.09,,,,,,,,"Tax Foundation, 2026 State Income Tax Rates and Brackets",https://taxfoundation.org/data/all/state/state-income-tax-rates-2026/,Washington rows from the source apply to capital gains income only.
2026,state,Washington,WA,state_ordinary_income,married_filing_jointly,1,0.0,,0.0,no_broad_based_ordinary_income_tax,,,,,,,"Tax Foundation, 2026 State Income Tax Rates and Brackets",https://taxfoundation.org/data/all/state/state-income-tax-rates-2026/,Added ordinary-income zero row; Tax Foundation's Washington brackets are capital-gains-only.
2026,state,Washington,WA,state_ordinary_income,single,1,0.0,,0.0,no_broad_based_ordinary_income_tax,,,,,,,"Tax Foundation, 2026 State Income Tax Rates and Brackets",https://taxfoundation.org/data/all/state/state-income-tax-rates-2026/,Added ordinary-income zero row; Tax Foundation's Washington brackets are capital-gains-only.
2026,state,Washington DC,DC,state_ordinary_income,married_filing_jointly,1,0.0,10000.0,0.04,,"$32,200",32200.0,n.a.,,n.a.,,"Tax Foundation, 2026 State Income Tax Rates and Brackets",https://taxfoundation.org/data/all/state/state-income-tax-rates-2026/,
2026,state,Washington DC,DC,state_ordinary_income,married_filing_jointly,2,10000.0,40000.0,0.06,,,,,,,,"Tax Foundation, 2026 State Income Tax Rates and Brackets",https://taxfoundation.org/data/all/state/state-income-tax-rates-2026/,
2026,state,Washington DC,DC,state_ordinary_income,married_filing_jointly,3,40000.0,60000.0,0.065,,,,,,,,"Tax Foundation, 2026 State Income Tax Rates and Brackets",https://taxfoundation.org/data/all/state/state-income-tax-rates-2026/,
2026,state,Washington DC,DC,state_ordinary_income,married_filing_jointly,4,60000.0,250000.0,0.085,,,,,,,,"Tax Foundation, 2026 State Income Tax Rates and Brackets",https://taxfoundation.org/data/all/state/state-income-tax-rates-2026/,
2026,state,Washington DC,DC,state_ordinary_income,married_filing_jointly,5,250000.0,500000.0,0.0925,,,,,,,,"Tax Foundation, 2026 State Income Tax Rates and Brackets",https://taxfoundation.org/data/all/state/state-income-tax-rates-2026/,
2026,state,Washington DC,DC,state_ordinary_income,married_filing_jointly,6,500000.0,1000000.0,0.0975,,,,,,,,"Tax Foundation, 2026 State Income Tax Rates and Brackets",https://taxfoundation.org/data/all/state/state-income-tax-rates-2026/,
2026,state,Washington DC,DC,state_ordinary_income,married_filing_jointly,7,1000000.0,,0.1075,,,,,,,,"Tax Foundation, 2026 State Income Tax Rates and Brackets",https://taxfoundation.org/data/all/state/state-income-tax-rates-2026/,
2026,state,Washington DC,DC,state_ordinary_income,single,1,0.0,10000.0,0.04,,"$16,100",16100.0,n.a.,,n.a.,,"Tax Foundation, 2026 State Income Tax Rates and Brackets",https://taxfoundation.org/data/all/state/state-income-tax-rates-2026/,
2026,state,Washington DC,DC,state_ordinary_income,single,2,10000.0,40000.0,0.06,,,,,,,,"Tax Foundation, 2026 State Income Tax Rates and Brackets",https://taxfoundation.org/data/all/state/state-income-tax-rates-2026/,
2026,state,Washington DC,DC,state_ordinary_income,single,3,40000.0,60000.0,0.065,,,,,,,,"Tax Foundation, 2026 State Income Tax Rates and Brackets",https://taxfoundation.org/data/all/state/state-income-tax-rates-2026/,
2026,state,Washington DC,DC,state_ordinary_income,single,4,60000.0,250000.0,0.085,,,,,,,,"Tax Foundation, 2026 State Income Tax Rates and Brackets",https://taxfoundation.org/data/all/state/state-income-tax-rates-2026/,
2026,state,Washington DC,DC,state_ordinary_income,single,5,250000.0,500000.0,0.0925,,,,,,,,"Tax Foundation, 2026 State Income Tax Rates and Brackets",https://taxfoundation.org/data/all/state/state-income-tax-rates-2026/,
2026,state,Washington DC,DC,state_ordinary_income,single,6,500000.0,1000000.0,0.0975,,,,,,,,"Tax Foundation, 2026 State Income Tax Rates and Brackets",https://taxfoundation.org/data/all/state/state-income-tax-rates-2026/,
2026,state,Washington DC,DC,state_ordinary_income,single,7,1000000.0,,0.1075,,,,,,,,"Tax Foundation, 2026 State Income Tax Rates and Brackets",https://taxfoundation.org/data/all/state/state-income-tax-rates-2026/,
2026,state,West Virginia,WV,state_ordinary_income,married_filing_jointly,1,0.0,10000.0,0.0222,,n.a.,,"$4,000",4000.0,"$2,000",2000.0,"Tax Foundation, 2026 State Income Tax Rates and Brackets",https://taxfoundation.org/data/all/state/state-income-tax-rates-2026/,
2026,state,West Virginia,WV,state_ordinary_income,married_filing_jointly,2,10000.0,25000.0,0.0296,,,,,,,,"Tax Foundation, 2026 State Income Tax Rates and Brackets",https://taxfoundation.org/data/all/state/state-income-tax-rates-2026/,
2026,state,West Virginia,WV,state_ordinary_income,married_filing_jointly,3,25000.0,40000.0,0.0333,,,,,,,,"Tax Foundation, 2026 State Income Tax Rates and Brackets",https://taxfoundation.org/data/all/state/state-income-tax-rates-2026/,
2026,state,West Virginia,WV,state_ordinary_income,married_filing_jointly,4,40000.0,60000.0,0.0444,,,,,,,,"Tax Foundation, 2026 State Income Tax Rates and Brackets",https://taxfoundation.org/data/all/state/state-income-tax-rates-2026/,
2026,state,West Virginia,WV,state_ordinary_income,married_filing_jointly,5,60000.0,,0.0482,,,,,,,,"Tax Foundation, 2026 State Income Tax Rates and Brackets",https://taxfoundation.org/data/all/state/state-income-tax-rates-2026/,
2026,state,West Virginia,WV,state_ordinary_income,single,1,0.0,10000.0,0.0222,,n.a.,,"$2,000",2000.0,"$2,000",2000.0,"Tax Foundation, 2026 State Income Tax Rates and Brackets",https://taxfoundation.org/data/all/state/state-income-tax-rates-2026/,
2026,state,West Virginia,WV,state_ordinary_income,single,2,10000.0,25000.0,0.0296,,,,,,,,"Tax Foundation, 2026 State Income Tax Rates and Brackets",https://taxfoundation.org/data/all/state/state-income-tax-rates-2026/,
2026,state,West Virginia,WV,state_ordinary_income,single,3,25000.0,40000.0,0.0333,,,,,,,,"Tax Foundation, 2026 State Income Tax Rates and Brackets",https://taxfoundation.org/data/all/state/state-income-tax-rates-2026/,
2026,state,West Virginia,WV,state_ordinary_income,single,4,40000.0,60000.0,0.0444,,,,,,,,"Tax Foundation, 2026 State Income Tax Rates and Brackets",https://taxfoundation.org/data/all/state/state-income-tax-rates-2026/,
2026,state,West Virginia,WV,state_ordinary_income,single,5,60000.0,,0.0482,,,,,,,,"Tax Foundation, 2026 State Income Tax Rates and Brackets",https://taxfoundation.org/data/all/state/state-income-tax-rates-2026/,
2026,state,Wisconsin,WI,state_ordinary_income,married_filing_jointly,1,0.0,20150.0,0.035,,"$25,840",25840.0,"$1,400",1400.0,$700,700.0,"Tax Foundation, 2026 State Income Tax Rates and Brackets",https://taxfoundation.org/data/all/state/state-income-tax-rates-2026/,
2026,state,Wisconsin,WI,state_ordinary_income,married_filing_jointly,2,20150.0,69260.0,0.044000000000000004,,,,,,,,"Tax Foundation, 2026 State Income Tax Rates and Brackets",https://taxfoundation.org/data/all/state/state-income-tax-rates-2026/,
2026,state,Wisconsin,WI,state_ordinary_income,married_filing_jointly,3,69260.0,443630.0,0.053,,,,,,,,"Tax Foundation, 2026 State Income Tax Rates and Brackets",https://taxfoundation.org/data/all/state/state-income-tax-rates-2026/,
2026,state,Wisconsin,WI,state_ordinary_income,married_filing_jointly,4,443630.0,,0.0765,,,,,,,,"Tax Foundation, 2026 State Income Tax Rates and Brackets",https://taxfoundation.org/data/all/state/state-income-tax-rates-2026/,
2026,state,Wisconsin,WI,state_ordinary_income,single,1,0.0,15110.0,0.035,,"$13,960",13960.0,$700,700.0,$700,700.0,"Tax Foundation, 2026 State Income Tax Rates and Brackets",https://taxfoundation.org/data/all/state/state-income-tax-rates-2026/,
2026,state,Wisconsin,WI,state_ordinary_income,single,2,15110.0,51950.0,0.044000000000000004,,,,,,,,"Tax Foundation, 2026 State Income Tax Rates and Brackets",https://taxfoundation.org/data/all/state/state-income-tax-rates-2026/,
2026,state,Wisconsin,WI,state_ordinary_income,single,3,51950.0,332720.0,0.053,,,,,,,,"Tax Foundation, 2026 State Income Tax Rates and Brackets",https://taxfoundation.org/data/all/state/state-income-tax-rates-2026/,
2026,state,Wisconsin,WI,state_ordinary_income,single,4,332720.0,,0.0765,,,,,,,,"Tax Foundation, 2026 State Income Tax Rates and Brackets",https://taxfoundation.org/data/all/state/state-income-tax-rates-2026/,
2026,state,Wyoming,WY,state_ordinary_income,married_filing_jointly,1,0.0,,0.0,,n.a.,,n.a.,,n.a.,,"Tax Foundation, 2026 State Income Tax Rates and Brackets",https://taxfoundation.org/data/all/state/state-income-tax-rates-2026/,
2026,state,Wyoming,WY,state_ordinary_income,single,1,0.0,,0.0,,n.a.,,n.a.,,n.a.,,"Tax Foundation, 2026 State Income Tax Rates and Brackets",https://taxfoundation.org/data/all/state/state-income-tax-rates-2026/,
